MIMAT0000009,UCACCGGGAGAAAAACUGGAGU
MIMAT0000020,AAGCACCACGAGAAGCUGCAGA
MIMAT0000025,UACCCGUAAUCUUCAUAAUCCGAG
MIMAT0000026,UACCCGUAUAAGUUUCUGCUGAG
MIMAT0000048,UUCGUUGUUGAUGAAGCCUUGA
MIMAT0000051,AUAAAGCUAGGUUACCAAAGCU
MIMAT0000053,UGAGAUCAUUAGUUGAAAGCCGA
MIMAT0000061,UGAUAUGUUGUUUGAAUGCCCCU
MIMAT0000062,UGAGGUAGUAGGUUGUAUAGUU
MIMAT0000063,UGAGGUAGUAGGUUGUGUGGUU
MIMAT0000064,UGAGGUAGUAGGUUGUAUGGUU
MIMAT0000065,AGAGGUAGUAGGUUGCAUAGUU
MIMAT0000066,UGAGGUAGGAGGUUGUAUAGUU
MIMAT0000067,UGAGGUAGUAGAUUGUAUAGUU
MIMAT0000068,UAGCAGCACAUAAUGGUUUGUG
MIMAT0000069,UAGCAGCACGUAAAUAUUGGCG
MIMAT0000070,CAAAGUGCUUACAGUGCAGGUAG
MIMAT0000071,ACUGCAGUGAAGGCACUUGUAG
MIMAT0000072,UAAGGUGCAUCUAGUGCAGAUAG
MIMAT0000073,UGUGCAAAUCUAUGCAAAACUGA
MIMAT0000074,UGUGCAAAUCCAUGCAAAACUGA
MIMAT0000075,UAAAGUGCUUAUAGUGCAGGUAG
MIMAT0000076,UAGCUUAUCAGACUGAUGUUGA
MIMAT0000077,AAGCUGCCAGUUGAAGAACUGU
MIMAT0000078,AUCACAUUGCCAGGGAUUUCC
MIMAT0000079,UGCCUACUGAGCUGAUAUCAGU
MIMAT0000080,UGGCUCAGUUCAGCAGGAACAG
MIMAT0000081,CAUUGCACUUGUCUCGGUCUGA
MIMAT0000082,UUCAAGUAAUCCAGGAUAGGCU
MIMAT0000083,UUCAAGUAAUUCAGGAUAGGU
MIMAT0000084,UUCACAGUGGCUAAGUUCCGC
MIMAT0000085,AAGGAGCUCACAGUCUAUUGAG
MIMAT0000086,UAGCACCAUCUGAAAUCGGUUA
MIMAT0000087,UGUAAACAUCCUCGACUGGAAG
MIMAT0000088,CUUUCAGUCGGAUGUUUGCAGC
MIMAT0000089,AGGCAAGAUGCUGGCAUAGCU
MIMAT0000090,UAUUGCACAUUACUAAGUUGCA
MIMAT0000091,GUGCAUUGUAGUUGCAUUGCA
MIMAT0000092,UAUUGCACUUGUCCCGGCCUGU
MIMAT0000093,CAAAGUGCUGUUCGUGCAGGUAG
MIMAT0000095,UUUGGCACUAGCACAUUUUUGCU
MIMAT0000096,UGAGGUAGUAAGUUGUAUUGUU
MIMAT0000097,AACCCGUAGAUCCGAUCUUGUG
MIMAT0000098,AACCCGUAGAUCCGAACUUGUG
MIMAT0000099,UACAGUACUGUGAUAACUGAA
MIMAT0000100,UAGCACCAUUUGAAAUCAGUGUU
MIMAT0000101,AGCAGCAUUGUACAGGGCUAUGA
MIMAT0000102,UCAAAUGCUCAGACUCCUGUGGU
MIMAT0000103,AAAAGUGCUUACAGUGCAGGUAG
MIMAT0000104,AGCAGCAUUGUACAGGGCUAUCA
MIMAT0000121,UGAGGUAGUAGUUUGUACAGUU
MIMAT0000122,UGAGGUAGUAGUUUGUGCUGUU
MIMAT0000123,UGGAAUGUAAAGAAGUAUGUAU
MIMAT0000124,UAGCAGCACAUCAUGGUUUACA
MIMAT0000125,AUCACAUUGCCAGGGAUUACC
MIMAT0000126,UUCACAGUGGCUAAGUUCUGC
MIMAT0000127,UAGCACCAUUUGAAAUCAGUGUU
MIMAT0000128,UGUAAACAUCCUCGACUGGAAG
MIMAT0000129,CUUUCAGUCGGAUGUUUGCAGC
MIMAT0000130,UGUAAACAUCCUACACUCAGCU
MIMAT0000131,AACCCGUAGAUCCGAUCUUGUG
MIMAT0000132,CACCCGUAGAACCGACCUUGCG
MIMAT0000133,UACAGUACUGUGAUAACUGAA
MIMAT0000134,UAAGGCACGCGGUGAAUGCC
MIMAT0000135,UCCCUGAGACCCUUUAACCUGUGA
MIMAT0000136,UCCCUGAGACCCUAACUUGUGA
MIMAT0000138,UCGUACCGUGAGUAAUAAUGCG
MIMAT0000139,UCGGAUCCGUCUGAGCUUGGCU
MIMAT0000140,UCACAGUGAACCGGUCUCUUU
MIMAT0000141,CAGUGCAAUGUUAAAAGGGCAU
MIMAT0000142,UCUUUGGUUAUCUAGCUGUAUGA
MIMAT0000143,AUAAAGCUAGAUAACCGAAAGU
MIMAT0000145,UUUGGUCCCCUUCAACCAGCUG
MIMAT0000146,UGUGACUGGUUGACCAGAGGGG
MIMAT0000149,UUAUUGCUUAAGAAUACGCGUAG
MIMAT0000150,AGCUGGUGUUGUGAAUCAGGCCG
MIMAT0000151,CAGUGGUUUUACCCUAUGGUAG
MIMAT0000152,UACCACAGGGUAGAACCACGG
MIMAT0000153,UAACACUGUCUGGUAAAGAUGG
MIMAT0000154,CAUAAAGUAGAAAGCACUACU
MIMAT0000155,UGUAGUGUUUCCUACUUUAUGGA
MIMAT0000156,UACAGUAUAGAUGAUGUACU
MIMAT0000157,GUCCAGUUUUCCCAGGAAUCCCU
MIMAT0000158,UGAGAACUGAAUUCCAUGGGUU
MIMAT0000159,UCUGGCUCCGUGUCUUCACUCCC
MIMAT0000160,UCUCCCAACCCUUGUACCAGUG
MIMAT0000161,CUAGACUGAGGCUCCUUGAGG
MIMAT0000162,UCAGUGCAUGACAGAACUUGG
MIMAT0000163,UUGCAUAGUCACAAAAGUGAUC
MIMAT0000164,UAGGUUAUCCGUGUUGCCUUCG
MIMAT0000165,UUAAUGCUAAUUGUGAUAGGGGU
MIMAT0000166,UGACAGAAGAGAGUGAGCAC
MIMAT0000167,UGACAGAAGAGAGUGAGCAC
MIMAT0000168,UGACAGAAGAGAGUGAGCAC
MIMAT0000176,UCCCAAAUGUAGACAAAGCA
MIMAT0000177,UUUGGAUUGAAGGGAGCUCUA
MIMAT0000185,UGGAGAAGCAGGGCACGUGCA
MIMAT0000187,UCGGACCAGGCUUCAUCCCCC
MIMAT0000189,UCGGACCAGGCUUCAUUCCCC
MIMAT0000196,UGAAGCUGCCAGCAUGAUCUA
MIMAT0000198,UCGCUUGGUGCAGGUCGGGAA
MIMAT0000200,CAGCCAAGGAUGACUUGCCGA
MIMAT0000205,AGAAUCUUGAUGAUGCUGCAU
MIMAT0000207,UUUGGAUUGAAGGGAGCUCUU
MIMAT0000208,UACCCUGUAGAACCGAAUUUGUG
MIMAT0000209,CUUUUUGCGGUCUGGGCUUGC
MIMAT0000210,AACAUUCAACGCUGUCGGUGAGU
MIMAT0000211,UUUGGCAAUGGUAGAACUCACACCG
MIMAT0000212,UAUGGCACUGGUAGAAUUCACU
MIMAT0000213,UGGACGGAGAACUGAUAAGGGU
MIMAT0000214,UGGAGAGAAAGGCAGUUCCUGA
MIMAT0000216,UCGUGUCUUGUGUUGCAGCCGG
MIMAT0000217,CAUCCCUUGCAUGGUGGAGGG
MIMAT0000218,GUGCCUACUGAGCUGAUAUCAGU
MIMAT0000219,UGGCUCAGUUCAGCAGGAACAG
MIMAT0000220,UGAUAUGUUUGAUAUAUUAGGU
MIMAT0000221,CAACGGAAUCCCAAAAGCAGCUG
MIMAT0000222,CUGACCUAUGAAUUGACAGCC
MIMAT0000223,AACUGGCCUACAAAGUCCCAGU
MIMAT0000224,UGUAACAGCAACUCCAUGUGGA
MIMAT0000225,UAGCAGCACAGAAAUAUUGGC
MIMAT0000226,UAGGUAGUUUCAUGUUGUUGGG
MIMAT0000227,UUCACCACCUUCUCCACCCAGC
MIMAT0000229,CCCAGUGUUCAGACUACCUGUUC
MIMAT0000230,ACAGUAGUCUGCACAUUGGUUA
MIMAT0000231,CCCAGUGUUCAGACUACCUGUUC
MIMAT0000232,ACAGUAGUCUGCACAUUGGUUA
MIMAT0000233,UAAUACUGCCUGGUAAUGAUGA
MIMAT0000235,AGAGGUAUAGCGCAUGGGAAGA
MIMAT0000236,GUGAAAUGUUUAGGACCACUAG
MIMAT0000237,UUCCCUUUGUCAUCCUAUGCCU
MIMAT0000238,UCCUUCAUUCCACCGGAGUCUG
MIMAT0000239,UGGAAUGUAAGGAAGUGUGUGG
MIMAT0000240,GCUUCUCCUGGCUCUCCUCCCUC
MIMAT0000241,AUAAGACGAGCAAAAAGCUUGU
MIMAT0000242,CUUUUUGCGGUCUGGGCUUGC
MIMAT0000243,UCAGUGCACUACAGAACUUUGU
MIMAT0000244,UGUAAACAUCCUACACUCUCAGC
MIMAT0000245,UGUAAACAUCCCCGACUGGAAG
MIMAT0000246,UGGAGUGUGACAAUGGUGUUUG
MIMAT0000247,UGAGAUGAAGCACUGUAGCUC
MIMAT0000248,UGUAAACAUCCUUGACUGGAAG
MIMAT0000249,CUUUCAGUCGGAUGUUUACAGC
MIMAT0000250,UCUACAGUGCACGUGUCUCCAGU
MIMAT0000251,GUGUGUGGAAAUGCUUCUGC
MIMAT0000252,UGGAAGACUAGUGAUUUUGUUGUU
MIMAT0000253,UACCCUGUAGAUCCGAAUUUGUG
MIMAT0000254,UACCCUGUAGAACCGAAUUUGUG
MIMAT0000255,UGGCAGUGUCUUAGCUGGUUGU
MIMAT0000256,AACAUUCAACGCUGUCGGUGAGU
MIMAT0000257,AACAUUCAUUGCUGUCGGUGGGU
MIMAT0000258,AACAUUCAACCUGUCGGUGAGU
MIMAT0000259,UUUGGCAAUGGUAGAACUCACACU
MIMAT0000261,UAUGGCACUGGUAGAAUUCACU
MIMAT0000262,UCGUGUCUUGUGUUGCAGCCGG
MIMAT0000263,CCCAGUGUUUAGACUAUCUGUUC
MIMAT0000264,GUGAAAUGUUUAGGACCACUAG
MIMAT0000265,UUCCCUUUGUCAUCCUAUGCCU
MIMAT0000266,UCCUUCAUUCCACCGGAGUCUG
MIMAT0000267,CUGUGCGUGUGACAGCGGCUGA
MIMAT0000268,UUCCCUUUGUCAUCCUUCGCCU
MIMAT0000269,UAACAGUCUCCAGUCACGGCC
MIMAT0000270,ACCAUCGACCGUUGAUUGUACC
MIMAT0000271,ACAGCAGGCACAGACAGGCAGU
MIMAT0000272,AUGACCUAUGAAUUGACAGAC
MIMAT0000273,UAAUCUCAGCUGGCAACUGUGA
MIMAT0000274,UACUGCAUCAGGAACUGAUUGGA
MIMAT0000275,UUGUGCUUGAUCUAACCAUGU
MIMAT0000276,UGAUUGUCCAAACGCAAUUCU
MIMAT0000278,AGCUACAUUGUCUGCUGGGUUUC
MIMAT0000279,AGCUACAUCUGGCUACUGGGU
MIMAT0000280,UGUCAGUUUGUCAAAUACCCCA
MIMAT0000281,UCAAGUCACUAGUGGUUCCGUUUAG
MIMAT0000290,UAUUGCACUCUCCCCGGCCUGA
MIMAT0000297,UGAGGUAGGUGCGAGAAAUGA
MIMAT0000298,UUGCGUAGGCCUUUGCUUCGA
MIMAT0000299,CGGUACGAUCGCGGCGGGAUAUC
MIMAT0000314,AAAUCUCAUCCUAAUCUGGUAGCA
MIMAT0000318,UAAUACUGCCUGGUAAUGAUGA
MIMAT0000366,ACUCAAACUAUGGGGGCACUUU
MIMAT0000367,CAUCAAAGUGGAGGCCCUCUCU
MIMAT0000368,AAAGUGCUUCCACUUUGUGUGC
MIMAT0000369,ACUCAAACUGGGGGCUCUUUUG
MIMAT0000370,AAAGUGCCGCCAGGUUUUGAGUGU
MIMAT0000371,AGUGCCGCAGAGUUUGUAGUGU
MIMAT0000372,AAAGUGCUUCCCUUUUGUGUGU
MIMAT0000373,AAAGUGCUACUACUUUUGAGUCU
MIMAT0000374,AGGGCCCCCCCUCAAUCCUGU
MIMAT0000375,AUGUAUGUGUGCAUGUGCAUGU
MIMAT0000376,GGCAGAGGAGGGCUGUUCUUCCC
MIMAT0000377,UGGUUUACCGUCCCACAUACAU
MIMAT0000378,UAUGCAAGGGCAAGCUCUCUUC
MIMAT0000379,CAGUGCAAUAGUAUUGUCAAAGC
MIMAT0000380,UAAGUGCUUCCAUGUUUUGGUGA
MIMAT0000381,AGGCAGUGUAGUUAGCUGAUUGC
MIMAT0000382,AGGCAGUGUAAUUAGCUGAUUGU
MIMAT0000383,AGAGGUAGUAGGUUGCAUAGUU
MIMAT0000384,CUAUACGACCUGCUGCCUUUCU
MIMAT0000385,CAAAGUGCUAACAGUGCAGGUAG
MIMAT0000386,UAAAGUGCUGACAGUGCAGAU
MIMAT0000387,CAGUGCAAUGAUGAAAGGGCAU
MIMAT0000414,UGAGGUAGUAGUUUGUACAGUU
MIMAT0000415,UGAGGUAGUAGUUUGUGCUGUU
MIMAT0000416,UGGAAUGUAAAGAAGUAUGUAU
MIMAT0000417,UAGCAGCACAUCAUGGUUUACA
MIMAT0000418,AUCACAUUGCCAGGGAUUACCAC
MIMAT0000419,UUCACAGUGGCUAAGUUCUGC
MIMAT0000420,UGUAAACAUCCUACACUCAGCU
MIMAT0000421,UGGAGUGUGACAAUGGUGUUUG
MIMAT0000422,UAAGGCACGCGGUGAAUGCCAA
MIMAT0000423,UCCCUGAGACCCUAACUUGUGA
MIMAT0000424,UCACAGUGAACCGGUCUCUUU
MIMAT0000425,CAGUGCAAUGUUAAAAGGGCAU
MIMAT0000426,UAACAGUCUACAGCCAUGGUCG
MIMAT0000427,UUUGGUCCCCUUCAACCAGCUG
MIMAT0000428,UAUGGCUUUUUAUUCCUAUGUGA
MIMAT0000429,UUAUUGCUUAAGAAUACGCGUAG
MIMAT0000430,AGCUGGUGUUGUGAAUCAGGCCG
MIMAT0000431,CAGUGGUUUUACCCUAUGGUAG
MIMAT0000432,UAACACUGUCUGGUAAAGAUGG
MIMAT0000433,CAUAAAGUAGAAAGCACUACU
MIMAT0000434,UGUAGUGUUUCCUACUUUAUGGA
MIMAT0000435,UGAGAUGAAGCACUGUAGCUC
MIMAT0000436,UACAGUAUAGAUGAUGUACU
MIMAT0000437,GUCCAGUUUUCCCAGGAAUCCCU
MIMAT0000438,UCAGUGCAUGACAGAACUUGG
MIMAT0000439,UUGCAUAGUCACAAAAGUGAUC
MIMAT0000440,CAACGGAAUCCCAAAAGCAGCUG
MIMAT0000441,UCUUUGGUUAUCUAGCUGUAUGA
MIMAT0000442,AUAAAGCUAGAUAACCGAAAGU
MIMAT0000443,UCCCUGAGACCCUUUAACCUGUGA
MIMAT0000444,CAUUAUUACUUUUGGUACGCG
MIMAT0000445,UCGUACCGUGAGUAAUAAUGCG
MIMAT0000446,UCGGAUCCGUCUGAGCUUGGCU
MIMAT0000447,UGUGACUGGUUGACCAGAGGGG
MIMAT0000449,UGAGAACUGAAUUCCAUGGGUU
MIMAT0000450,UCUGGCUCCGUGUCUUCACUCCC
MIMAT0000451,UCUCCCAACCCUUGUACCAGUG
MIMAT0000452,UAGGUUAUCCGUGUUGCCUUCG
MIMAT0000454,UGGACGGAGAACUGAUAAGGGU
MIMAT0000455,UGGAGAGAAAGGCAGUUCCUGA
MIMAT0000456,CAAAGAAUUCUCCUUUUGGGCU
MIMAT0000457,CAUCCCUUGCAUGGUGGAGGG
MIMAT0000458,UGAUAUGUUUGAUAUAUUAGGU
MIMAT0000459,AACUGGCCUACAAAGUCCCAGU
MIMAT0000460,UGUAACAGCAACUCCAUGUGGA
MIMAT0000461,UAGCAGCACAGAAAUAUUGGC
MIMAT0000462,UGGAAUGUAAGGAAGUGUGUGG
MIMAT0000510,AAAAGCUGGGUUGAGAGGGCGA
MIMAT0000511,UUGGACUGAAGGGAGCUCCCU
MIMAT0000513,UGUGCAAAUCCAUGCAAAACUGA
MIMAT0000514,UGUAAACAUCCUACACUCUCAGC
MIMAT0000515,UGUAAACAUCCCCGACUGGAAG
MIMAT0000516,UCAGUGCACUACAGAACUUUGU
MIMAT0000517,CUGACCUAUGAAUUGACAGCC
MIMAT0000518,UAGGUAGUUUCAUGUUGUUGGG
MIMAT0000519,UAACACUGUCUGGUAACGAUGU
MIMAT0000520,AUAAGACGAGCAAAAAGCUUGU
MIMAT0000521,UGAGGUAGUAGGUUGUAUAGUU
MIMAT0000522,UGAGGUAGUAGGUUGUGUGGUU
MIMAT0000523,UGAGGUAGUAGGUUGUAUGGUU
MIMAT0000524,UGAGGUAGGAGGUUGUAUAGUU
MIMAT0000525,UGAGGUAGUAGAUUGUAUAGUU
MIMAT0000526,UAGCAGCACAUAAUGGUUUGUG
MIMAT0000527,UAGCAGCACGUAAAUAUUGGCG
MIMAT0000528,UAAGGUGCAUCUAGUGCAGAUAG
MIMAT0000529,UAAAGUGCUUAUAGUGCAGGUAG
MIMAT0000530,UAGCUUAUCAGACUGAUGUUGA
MIMAT0000531,AAGCUGCCAGUUGAAGAACUGU
MIMAT0000532,AUCACAUUGCCAGGGAUUUCC
MIMAT0000533,UUCAAGUAAUCCAGGAUAGGCU
MIMAT0000534,UUCAAGUAAUUCAGGAUAGGU
MIMAT0000535,UAGCACCAUCUGAAAUCGGUUA
MIMAT0000536,UAGCACCAUUUGAAAUCGGUUA
MIMAT0000537,UUCACAGUGGCUAAGUUCCGC
MIMAT0000538,AGGCAAGAUGCUGGCAUAGCUG
MIMAT0000539,UAUUGCACUUGUCCCGGCCUG
MIMAT0000540,CAAAGUGCUGUUCGUGCAGGUAG
MIMAT0000541,UUUGGCACUAGCACAUUUUUGCU
MIMAT0000542,UGGCAGUGUCUUAGCUGGUUGU
MIMAT0000544,AAGCCCUUACCCCAAAAAGCAU
MIMAT0000545,UGAGGUAGUAAGUUGUAUUGUU
MIMAT0000546,AGCAGCAUUGUACAGGGCUAUGA
MIMAT0000548,CAGCAGCAAUUCAUGUUUUGGA
MIMAT0000550,CACAUUACACGGUCGACCUCU
MIMAT0000551,CACAUUACACGGUCGACCUCU
MIMAT0000552,CAGUGCAAUAGUAUUGUCAAAGC
MIMAT0000554,CCACUGCCCCAGGUGCUGCUGG
MIMAT0000555,CGCAUCCCCUAGGGCAUUGGUGU
MIMAT0000557,CCUAGUAGGUGCUCAGUAAGUGU
MIMAT0000559,CCUCUGGGCCCUUCCUCCAGU
MIMAT0000560,CCUCUGGGCCCUUCCUCCAGU
MIMAT0000561,CCUUGAGGGGCAUGAGGGU
MIMAT0000562,AGAGGUAGUAGGUUGCAUAGUU
MIMAT0000563,CUAUACGACCUGCUGCCUUUCU
MIMAT0000564,CUGGCCCUCUCUGCCCUUCCGU
MIMAT0000565,CUGGCCCUCUCUGCCCUUCCGU
MIMAT0000566,AACACACCCAGCUAACCUUUUU
MIMAT0000567,AACACACCCAGCUAACCUUUUU
MIMAT0000568,GCAAAGCACAGGGCCUGCAGAGA
MIMAT0000569,GCAAAGCACAGGGCCUGCAGAGA
MIMAT0000570,GCCCCUGGGCCUAUCCUAGAA
MIMAT0000571,GCCCCUGGGCCUAUCCUAGAA
MIMAT0000573,CAGUGGUUUUACCCUAUGGUAG
MIMAT0000574,UACCACAGGGUAGAACCACGG
MIMAT0000575,UCAAGAGCAAUAACGAAAAAUGU
MIMAT0000578,UCAGCUCCUAUAUGAUGCCUUU
MIMAT0000579,UCAGUGCAUCACAGAACUUUGU
MIMAT0000580,UCAGUGCAUCACAGAACUUUGU
MIMAT0000581,UCCAGCAUCAGUGAUUUUGUUGA
MIMAT0000582,UCCAGCAUCAGUGAUUUUGUUG
MIMAT0000583,UCCCUGUCCUCCAGGAGCUCACG
MIMAT0000584,UCCCUGUCCUCCAGGAGCUCACG
MIMAT0000588,UCGGUCGAUCGGUCGGUCGGU
MIMAT0000589,UCUCACACAGAAAUCGCACCCGU
MIMAT0000592,UGAUCUAGCCAAAGCCUGACUGU
MIMAT0000593,UGAUCUAGCCAAAGCCUGACUGU
MIMAT0000595,GCUGACCCCUAGUCCAGUGCUU
MIMAT0000596,UGUCUGCCUGAGUGCCUGCCUCU
MIMAT0000597,UGUCUGCCCGAGUGCCUGCCUCU
MIMAT0000600,CUUUUUGCGGUCUGGGCUUGC
MIMAT0000602,UAAAGUGCUUAUAGUGCAGGUAG
MIMAT0000603,ACUGCAUUACGAGCACUUACA
MIMAT0000604,UUCACAAAGCCCAUACACUUUCAC
MIMAT0000605,UUCACAAAGCCCAUACACUUUC
MIMAT0000606,UGGAAGACUAGUGAUUUUGUUGU
MIMAT0000607,ACAACAAAUCACAGUCUGCCAU
MIMAT0000608,UCCCUGAGGAGCCCUUUGAGCCUGA
MIMAT0000609,UCCCUGAGGAGCCCUUUGAGCCUG
MIMAT0000610,AGAGUAGUAGGUUGCAUAGUA
MIMAT0000611,UAUGGCUUUUCAUUCCUAUGUGA
MIMAT0000612,UAUGGCUUUUCAUUCCUAUGUGA
MIMAT0000613,UCGAGGAGCUCACAGUCUAGU
MIMAT0000616,GUACAGUACUGUGAUAGCU
MIMAT0000617,UAAUACUGCCGGGUAAUGAUGGA
MIMAT0000618,UGACAGAAGAGAGUGAGCAC
MIMAT0000626,UGACAGAAGAGAGUGAGCAC
MIMAT0000632,UCGAUAAACCUCUGCAUCCAG
MIMAT0000639,UCGAACCAGGCUUCAUUCCCC
MIMAT0000643,UGAAGCUGCCAGCAUGAUCUA
MIMAT0000644,CAGCCAAGGAUGACUUGCCGA
MIMAT0000645,UGAUUGAGCCGCGCCAAUAUC
MIMAT0000646,UUAAUGCUAAUCGUGAUAGGGGUU
MIMAT0000647,AGCAGCAUUGUACAGGGCUAUCA
MIMAT0000648,UACCCUGUAGAUCCGAAUUUGUG
MIMAT0000649,CAAAGUGCUUACAGUGCAGGUAG
MIMAT0000650,ACUGCAGUGAGGGCACUUGUAG
MIMAT0000651,UGUGCAAAUCUAUGCAAAACUGA
MIMAT0000652,CAUUGCACUUGUCUCGGUCUGA
MIMAT0000653,AAGGAGCUCACAGUCUAUUGAG
MIMAT0000654,UAUUGCACAUUACUAAGUUGCA
MIMAT0000655,AACCCGUAGAUCCGAACUUGUG
MIMAT0000656,UCUACAGUGCACGUGUCUCCAG
MIMAT0000657,UAAUACUGCCGGGUAAUGAUGGA
MIMAT0000659,UAACAGUCUCCAGUCACGGCCA
MIMAT0000660,ACCAUCGACCGUUGAUUGUACC
MIMAT0000661,ACAGCAGGCACAGACAGGCAGU
MIMAT0000663,UUGUGCUUGAUCUAACCAUGU
MIMAT0000664,UGAUUGUCCAAACGCAAUUCU
MIMAT0000665,UGUCAGUUUGUCAAAUACCCCA
MIMAT0000666,AAAAGCUGGGUUGAGAGGGCGA
MIMAT0000669,AGCUACAUUGUCUGCUGGGUUUC
MIMAT0000670,AGCUACAUCUGGCUACUGGGUCU
MIMAT0000671,UAAGUCACUAGUGGUUCCGUU
MIMAT0000673,AACAUUCAUUGCUGUCGGUGGGUU
MIMAT0000674,AACAUUCAACCUGUCGGUGAGU
MIMAT0000677,UGGAAGACUAGUGAUUUUGUUGU
MIMAT0000678,UGGAAGACUUGUGAUUUUGUUGUU
MIMAT0000680,UAAAGUGCUGACAGUGCAGAU
MIMAT0000681,UAGCACCAUUUGAAAUCGGUUA
MIMAT0000682,UAACACUGUCUGGUAACGAUGU
MIMAT0000684,UAAGUGCUUCCAUGUUUUGGUGA
MIMAT0000685,UAGGCAGUGUCAUUAGCUGAUUG
MIMAT0000686,AGGCAGUGUAGUUAGCUGAUUGC
MIMAT0000687,UAUGUGGGAUGGUAAACCGCUU
MIMAT0000688,CAGUGCAAUAGUAUUGUCAAAGC
MIMAT0000689,CACCCGUAGAACCGACCUUGCG
MIMAT0000690,AGGGCCCCCCCUCAAUCCUGU
MIMAT0000691,CAGUGCAAUGAUGAAAGGGCAU
MIMAT0000692,UGUAAACAUCCUUGACUGGAAG
MIMAT0000693,CUUUCAGUCGGAUGUUUACAGC
MIMAT0000703,UUAUCAGAAUCUCCAGGGGUAC
MIMAT0000704,UUAUCAGAAUCUCCAGGGGUAC
MIMAT0000706,AAUCCUUGGAACCUAGGUGUGAAU
MIMAT0000707,AAUUGCACGGUAUCCAUCUGUA
MIMAT0000708,AAUUGCACGGUAUCCAUCUGUA
MIMAT0000710,UAAUGCCCCUAAAAAUCCUUAU
MIMAT0000711,UAAUGCCCCUAAAAAUCCUUAU
MIMAT0000714,ACUUUAACAUGGAAGUGCUUUC
MIMAT0000715,UAAGUGCUUCCAUGUUUUAGUAG
MIMAT0000717,UAAGUGCUUCCAUGUUUCAGUGG
MIMAT0000718,UAAGUGCUUCCAUGUUUGAGUGU
MIMAT0000719,AAUUGCACUUUAGCAAUGGUGA
MIMAT0000720,AACAUAGAGGAAAUUCCACGU
MIMAT0000721,AAUAAUACAUGGUUGAUCUUU
MIMAT0000722,GCCUGCUGGGGUGGAACCUGGU
MIMAT0000723,AAGUGCCGCCAUCUUUUGAGUGU
MIMAT0000724,AAAGUGCUGCGACAUUUGAGCGU
MIMAT0000725,ACUCAAAAUGGGGGCGCUUUCC
MIMAT0000726,GAAGUGCUUCGAUUUUGGGGUGU
MIMAT0000727,UUAUAAUACAACCUGAUAAGUG
MIMAT0000728,UUUGUUCGUUCGGCUCGCGUGA
MIMAT0000729,AUCAUAGAGGAAAAUCCACGU
MIMAT0000730,AUCACACAAAGGCAACUUUUGU
MIMAT0000731,CUCCUGACUCCAGGUCCUGUGU
MIMAT0000732,ACUGGACUUGGAGUCAGAAGGC
MIMAT0000733,UGGUAGACUAUGGAACGUAGG
MIMAT0000734,UGGUUGACCAUAGAACAUGCGC
MIMAT0000736,UAUACAAGGGCAAGCUCUCUGU
MIMAT0000737,GAAGUUGUUCGUGGUGGAUUCG
MIMAT0000738,AGAUCAGAAGGUGAUUGUGGCU
MIMAT0000739,UUUGUUCGUUCGGCUCGCGUGA
MIMAT0000741,AUCACACAAAGGCAACUUUUGU
MIMAT0000743,UGGUAGACUAUGGAACGUAGG
MIMAT0000746,UAUACAAGGGCAAGCUCUCUGU
MIMAT0000747,GAAGUUGUUCGUGGUGGAUUCG
MIMAT0000748,AGAUCAGAAGGUGACUGUGGCU
MIMAT0000751,GCAAAGCACACGGCCUGCAGAGA
MIMAT0000752,CUGGCCCUCUCUGCCCUUCCGU
MIMAT0000753,UCUCACACAGAAAUCGCACCCGU
MIMAT0000754,CUCCUAUAUGAUGCCUUUCUUC
MIMAT0000755,CACAUUACACGGUCGACCUCU
MIMAT0000756,CCUCUGGGCCCUUCCUCCAG
MIMAT0000757,CUAGACUGAAGCUCCUUGAGG
MIMAT0000758,UAUGGCUUUUCAUUCCUAUGUGA
MIMAT0000759,UCAGUGCAUCACAGAACUUUGU
MIMAT0000760,GCCCCUGGGCCUAUCCUAGAA
MIMAT0000761,CGCAUCCCCUAGGGCAUUGGUG
MIMAT0000763,UCCAGCAUCAGUGAUUUUGUUG
MIMAT0000764,UCCCUGUCCUCCAGGAGCUCACG
MIMAT0000765,UCAAGAGCAAUAACGAAAAAUGU
MIMAT0000766,UCAAGAGCAAUAACGAAAAAUGU
MIMAT0000769,UUUGGUCCCCUUCAACCAGCUA
MIMAT0000770,UUUGGUCCCCUUCAACCAGCUA
MIMAT0000771,CCUAGUAGGUGUCCAGUAAGUGU
MIMAT0000772,GCUGACUCCUAGUCCAGGGCUC
MIMAT0000773,UGUCUGCCCGCAUGCCUGCCUCU
MIMAT0000774,UGAGGUAGUAGGUUGUAUAGUU
MIMAT0000775,UGAGGUAGUAGGUUGUGUGGUU
MIMAT0000776,UGAGGUAGUAGGUUGUAUGGUU
MIMAT0000777,UGAGGUAGGAGGUUGUAUAGUU
MIMAT0000778,UGAGGUAGUAGAUUGUAUAGUU
MIMAT0000779,UGAGGUAGUAGUUUGUGCUGUU
MIMAT0000781,UCUUUGGUUAUCUAGCUGUAUGA
MIMAT0000782,UACCCUGUAGAUCCGAAUUUGUG
MIMAT0000783,CCCUGUAGAACCGAAUUUGUGU
MIMAT0000784,UAGCAGCACAUCAUGGUUUACA
MIMAT0000785,UAGCAGCACGUAAAUAUUGGCG
MIMAT0000786,CAAAGUGCUUACAGUGCAGGUAG
MIMAT0000787,UAAGGUGCAUCUAGUGCAGAUAG
MIMAT0000788,UGUGCAAAUCCAUGCAAAACUGA
MIMAT0000789,UGUGCAAAUCUAUGCAAAACUGA
MIMAT0000790,UAGCUUAUCAGACUGAUGUUGA
MIMAT0000791,AAGCUGCCAGUUGAAGAACUGU
MIMAT0000792,AUCACAUUGCCAGGGAUUUCC
MIMAT0000793,AUCACAUUGCCAGGGAUUACC
MIMAT0000794,UGGCUCAGUUCAGCAGGAACAG
MIMAT0000795,CAUUGCACUUGUCUCGGUCUGA
MIMAT0000796,UUCAAGUAAUCCAGGAUAGGCU
MIMAT0000797,UUCAAGUAAUUCAGGAUAGGU
MIMAT0000798,UUCACAGUGGCUAAGUUCUGC
MIMAT0000799,UUCACAGUGGCUAAGUUCCGC
MIMAT0000800,AAGGAGCUCACAGUCUAUUGAG
MIMAT0000801,UAGCACCAUUUGAAAUCAGUGUU
MIMAT0000802,UAGCACCAUCUGAAAUCGGUUA
MIMAT0000803,UAGCACCAUUUGAAAUCGGUUA
MIMAT0000804,UGUAAACAUCCUACACUCUCAGC
MIMAT0000805,UGUAAACAUCCUUGACUGGAAG
MIMAT0000807,UGUAAACAUCCCCGACUGGAAG
MIMAT0000808,UGUAAACAUCCUCGACUGGAAG
MIMAT0000810,AGGCAAGAUGCUGGCAUAGCUG
MIMAT0000812,GUGCAUUGUAGUUGCAUUGCA
MIMAT0000813,AGGCAGUGUAAUUAGCUGAUUGU
MIMAT0000814,AGGCAGUGUAGUUAGCUGAUUGC
MIMAT0000815,UGGCAGUGUCUUAGCUGGUUGU
MIMAT0000816,UAUUGCACUUGUCCCGGCCUG
MIMAT0000817,CAAAGUGCUGUUCGUGCAGGUAG
MIMAT0000818,UUUGGCACUAGCACAUUUUUGCU
MIMAT0000819,UGAGGUAGUAAGUUGUAUUGUU
MIMAT0000820,AACCCGUAGAUCCGAUCUUGUG
MIMAT0000821,CACCCGUAGAACCGACCUUGCG
MIMAT0000822,AACCCGUAGAUCCGAACUUGUG
MIMAT0000823,UACAGUACUGUGAUAACUGAA
MIMAT0000824,AGCAGCAUUGUACAGGGCUAUGA
MIMAT0000825,UAAAGUGCUGACAGUGCAGAU
MIMAT0000826,AGCAGCAUUGUACAGGGCUAUCA
MIMAT0000827,UGGAGUGUGACAAUGGUGUUUG
MIMAT0000828,UAAGGCACGCGGUGAAUGCC
MIMAT0000829,UCCCUGAGACCCUUUAACCUGUGA
MIMAT0000830,UCCCUGAGACCCUAACUUGUGA
MIMAT0000831,CAUUAUUACUUUUGGUACGCG
MIMAT0000833,UCGGAUCCGUCUGAGCUUGGCU
MIMAT0000834,UCACAGUGAACCGGUCUCUUU
MIMAT0000836,CAGUGCAAUGUUAAAAGGGCAU
MIMAT0000837,CAGUGCAAUGAUGAAAGGGCAU
MIMAT0000838,UAACAGUCUACAGCCAUGGUCG
MIMAT0000841,UAUGGCUUUUUAUUCCUAUGUGA
MIMAT0000842,ACUCCAUUUGUUUUGAUGAUGGA
MIMAT0000843,UUAUUGCUUAAGAAUACGCGUAG
MIMAT0000845,UCUACAGUGCACGUGUCUCCAG
MIMAT0000846,UAACACUGUCUGGUAAAGAUGG
MIMAT0000848,UGUAGUGUUUCCUACUUUAUGGA
MIMAT0000850,UACAGUAUAGAUGAUGUACU
MIMAT0000851,GUCCAGUUUUCCCAGGAAUCCCU
MIMAT0000852,UGAGAACUGAAUUCCAUGGGUU
MIMAT0000853,UCUCCCAACCCUUGUACCAGUG
MIMAT0000854,UCAGUGCAUGACAGAACUUGG
MIMAT0000855,UUGCAUAGUCACAAAAGUGAUC
MIMAT0000857,AACAUUCAACCUGUCGGUGAGU
MIMAT0000858,AACAUUCAACGCUGUCGGUGAGU
MIMAT0000859,AACAUUCAUUGCUGUCGGUGGGU
MIMAT0000860,UAUGGCACUGGUAGAAUUCACU
MIMAT0000861,UGGACGGAGAACUGAUAAGGGU
MIMAT0000862,UGGAGAGAAAGGCAGUUCCUGA
MIMAT0000863,CAAAGAAUUCUCCUUUUGGGCU
MIMAT0000865,UGAUAUGUUUGAUAUAUUAGGU
MIMAT0000866,CAACGGAAUCCCAAAAGCAGCUG
MIMAT0000867,CUGACCUAUGAAUUGACAGCC
MIMAT0000868,AACUGGCCUACAAAGUCCCAGU
MIMAT0000869,UGUAACAGCAACUCCAUGUGGA
MIMAT0000872,CCCAGUGUUCAGACUACCUGUUC
MIMAT0000873,UAAUACUGCCGGGUAAUGAUG
MIMAT0000874,UAACACUGUCUGGUAACGAUGU
MIMAT0000875,UAAUACUGCCUGGUAAUGAUGAC
MIMAT0000876,GUGAAAUGUUUAGGACCACUAG
MIMAT0000877,UUCCCUUUGUCAUCCUAUGCCU
MIMAT0000878,UCCUUCAUUCCACCGGAGUCUGU
MIMAT0000879,UGGAAUGUAAGGAAGUGUGUGG
MIMAT0000881,CUGUGCGUGUGACAGCGGCUGA
MIMAT0000882,UUCCCUUUGUCAUCCUUUGCCU
MIMAT0000883,UAACAGUCUCCAGUCACGGCCA
MIMAT0000884,ACCAUCGACCGUUGAUUGUACC
MIMAT0000885,ACAGCAGGCACAGACAGGCAG
MIMAT0000887,UACUGCAUCAGGAACUGACUGG
MIMAT0000888,UUGUGCUUGAUCUAACCAUGU
MIMAT0000889,UGAUUGUCCAAACGCAAUUCU
MIMAT0000890,AGCUACAUUGUCUGCUGGGUUUC
MIMAT0000891,AGCUACAUCUGGCUACUGGGU
MIMAT0000892,UGUCAGUUUGUCAAAUACCCC
MIMAT0000893,UCUCAAACUAUGGGGGCA
MIMAT0000894,CAUCAAAGUGGAGGCCCUCUCU
MIMAT0000898,AGGGCCCCCCCUCAAUCCUGU
MIMAT0000899,AUGUAUGUGUGCAUGUAUGCAUG
MIMAT0000900,GGCAGAGGAGGGCUGUUCUUCCC
MIMAT0000903,AAAAGCUGGGUUGAGAGGGCGA
MIMAT0000904,AUGACCUAUGAUUUGACAGAC
MIMAT0000934,UCCAAAGGGAUCGCAUUGAUCC
MIMAT0000957,UCCAAAGGGAUCGCAUUGAUC
MIMAT0000973,GUGAAGUGCUUGGGGGAACUC
MIMAT0000982,UGUGUUCUCAGGUCACCCCUU
MIMAT0000983,UGUGUUCUCAGGUCGCCCCUG
MIMAT0000987,UGCCAAAGGAGAGUUGCCCUG
MIMAT0001015,UUUGGAUUGAAGGGAGCUCCU
MIMAT0001020,UGACAGAAGAGAGAGAGCACA
MIMAT0001021,CGACAGAAGAGAGUGAGCAUA
MIMAT0001030,UGCCUGGCUCCCUGUAUGCCG
MIMAT0001037,UCGGACCAGGCUUCAAUCCCU
MIMAT0001045,UCGCUUGGUGCAGAUCGGGAC
MIMAT0001046,AGGCUUGGUGCAGCUCGGGAA
MIMAT0001052,UAGCCAAGGAUGACUUGCCUA
MIMAT0001063,UGAUUGAGCCGUGCCAAUAUC
MIMAT0001068,GAGGUGAGCCGAGCCAAUAUC
MIMAT0001069,AGAAUCUUGAUGAUGCUGCAU
MIMAT0001072,UCGGACCAGGCUUCAUUCCUC
MIMAT0001074,UCGGAUCAGGCUUCAUUCCUC
MIMAT0001076,AUUCCUAGAAAUUGUUCACAAU
MIMAT0001078,UCCAAAGGGAUCGCAUUGAUCU
MIMAT0001079,CUGCACUGCCUCUUCCCUGGC
MIMAT0001080,UAGGUAGUUUCCUGUUGUUGGG
MIMAT0001081,UAGGUAGUUUCCUGUUGUUGGG
MIMAT0001087,UCGGACCAGGCUUCAUUCCCU
MIMAT0001090,GAAUGUUGCUCGGUGAACCCCU
MIMAT0001091,AAUAUAACACAGAUGGCCUGU
MIMAT0001092,AUCAUAGAGGAACAUCCACUU
MIMAT0001095,GCCUGCUGGGGUGGAACCUGGU
MIMAT0001267,UACCCUGUAGAUCCGAAUUUGU
MIMAT0001268,UACCCUGUAGAACCGAAUUUGUG
MIMAT0001270,AACAUUCAUUGCUGUCGGUGGG
MIMAT0001271,UUUGGCAAUGGUAGAACUCACA
MIMAT0001273,UAUGGCACUGGUAGAAUUCACUG
MIMAT0001275,AUGACCUAUGAAUUGACAGCC
MIMAT0001278,GUGAAAUGUUUAGGACCACUUG
MIMAT0001279,UUCCCUUUGUCAUCCUAUGCCU
MIMAT0001280,UCCUUCAUUCCACCGGAGUCUG
MIMAT0001283,ACAGCAGGCACAGACAGGCAG
MIMAT0001285,UACUGCAUCAGGAACUGAUUGG
MIMAT0001288,AGCUACAUUGUCUGCUGGGUUUC
MIMAT0001289,AGCUACAUCUGGCUACUGGGUCUC
MIMAT0001331,AACAGAACAGAAGCAGAGCAG
MIMAT0001338,UUUUGGAAGUUUGUCCUUACG
MIMAT0001339,ACUGGACUUAGGGUCAGAAGGC
MIMAT0001340,AGCUCGGUCUGAGGCCCCUCAGU
MIMAT0001341,CAGCAGCAAUUCAUGUUUUGAA
MIMAT0001342,AUCGGGAAUGUCGUGUCCGCC
MIMAT0001412,UAAGGUGCAUCUAGUGCAGUUAG
MIMAT0001413,CAAAGUGCUCAUAGUGCAGGUAG
MIMAT0001420,AUCAUGAUGGGCUCCUCGGUGU
MIMAT0001421,GCUCGACUCAUGGUUUGAACCA
MIMAT0001423,UAAGUGCUAUUUGUUGGGGUAG
MIMAT0001424,AAAGUGCUAUCAAGUUGGGGUAG
MIMAT0001425,UAAGUGCUUCUCUUUGGGGUAG
MIMAT0001532,UUGCAUAUGUAGGAUGUCCCAU
MIMAT0001534,UUGCAUAUGUAGGAUGUCCCA
MIMAT0001536,UAAUACUGUCUGGUAAAACCGU
MIMAT0001537,UAAUACUGUCUGGUAAUGCCGU
MIMAT0001538,UAAUACUGUCUGGUAAUGCCGU
MIMAT0001541,UGGCAGUGUAUUGUUAGCUGGU
MIMAT0001542,UGGCAGUGUAUUGUUAGCUGGU
MIMAT0001545,UUUUGCGAUGUGUUCCUAAUAU
MIMAT0001546,UUUUGCGAUGUGUUCCUAAUAU
MIMAT0001547,UUUUGCGAUGUGUUCCUAAUGU
MIMAT0001549,UAAUGCCCCUAAAAAUCCUUAU
MIMAT0001588,AAGCUCAGGAGGGAUAGCGCC
MIMAT0001618,GCUGCGCUUGGAUUUCGUCCCC
MIMAT0001619,CAGCAGCAAUUCAUGUUUUGGA
MIMAT0001623,AACAUUCAACGCUGUCGGUGAGU
MIMAT0001625,UGUCUUGCAGGCCGUCAUGCA
MIMAT0001629,AACACACCUGGUUAACCUCUUU
MIMAT0001630,AGGUUGUCCGUGGUGAGUUCGCA
MIMAT0001631,AAACCGUUACCAUUACUGAGUU
MIMAT0001632,AAACCGUUACCAUUACUGAGUU
MIMAT0001633,AAACCGUUACCAUUACUGAGUU
MIMAT0001634,AAACCGUUACCAUUACUGAGUU
MIMAT0001635,AACUGUUUGCAGAGGAAACUGA
MIMAT0001637,UGUUUGCAGAGGAAACUGAGAC
MIMAT0001638,AGGUUACCCGAGCAACUUUGCAU
MIMAT0001639,GAAUGUUGCUCGGUGAACCCCU
MIMAT0001648,AUGAAGUGUUUGGGGGAACUC
MIMAT0001657,UUCCACAGCUUUCUUGAACUG
MIMAT0001748,CUGCACUGCCUCUUCCCUGGC
MIMAT0001759,UGAGGUAGUAGGUUGUAUAGUU
MIMAT0001761,UGAGGUAGUAGGUUGUAUGGUU
MIMAT0001764,UGAGGUAGUAGAUUGUAUAGUU
MIMAT0001768,UGGAAUGUAAAGAAGUAUGUAU
MIMAT0001771,UACCCUGUAGAACCGAAUGUGUG
MIMAT0001772,UAGCAGCACAGAAUGGUUUGUG
MIMAT0001773,UAGCAGCACAUCAUGGUUUGUA
MIMAT0001775,UAGCAGCACGUAAAUAUUGGAG
MIMAT0001777,CAAAGUGCUUACAGUGCAGGUA
MIMAT0001778,CAAAGUGCUCACAGUGCAGGUAG
MIMAT0001779,UAAGGUGCAUCUAGUGCAGAUA
MIMAT0001780,UAAGGUGCAUUUAGUGCAGAUA
MIMAT0001781,UAAGGUGCAUCUUGUGUAGUUA
MIMAT0001783,UGUGCAAAUCCAUGCAAAACUGA
MIMAT0001784,UGUGCAAAUCCAUGCAAAACUCG
MIMAT0001785,UGUGCAAACCCAUGCAAAACUGA
MIMAT0001786,UAAAGUGCUUAUAGUGCAGGUAG
MIMAT0001787,UAGCUUAUCAGACUGGUGUUGGC
MIMAT0001788,AAGCUGCCAGCUGAAGAACUGU
MIMAT0001791,AUCACAUUGCCAGGGAUUACCA
MIMAT0001792,UGGCUCAGUUCAGCAGGAACAG
MIMAT0001793,CAUUGCACUUGUCUCGGUCUGA
MIMAT0001794,UUCAAGUAAUCCAGGAUAGGCU
MIMAT0001796,UUCACAGUGGCUAAGUUCCGCU
MIMAT0001797,UUCACAGUGGCUAAGUUCUGCA
MIMAT0001798,UUCACAGUGGUUAAGUUCUGC
MIMAT0001799,UUCACAGUGGCUAAGUUCUUCA
MIMAT0001800,UUCACAGUGGCUAAGUUCAGUG
MIMAT0001805,UGUAAACAUCCUACACUCUCAG
MIMAT0001806,UGUAAACAUCCCCGACUGGAAG
MIMAT0001807,UGUAAACAUCCUUGACUGGAAG
MIMAT0001808,UAUUGCACUUGUCCCGGCCUGU
MIMAT0001809,UAUUGCACUCGUCCCGGCCUCC
MIMAT0001810,AAAAGUGCUGUUUGUGCAGGUA
MIMAT0001812,AACCCGUAGAUCCGAUCUUGUG
MIMAT0001813,AACCCGUAGAUCCGAACUUGUG
MIMAT0001816,AGCAGCAUUGUACAGGGCUAUGA
MIMAT0001817,AGCAGCAUUGUACAGGGCUAUCA
MIMAT0001818,UGGAGUGUGACAAUGGUGUUUG
MIMAT0001819,UAAGGCACGCGGUGAAUGCCAA
MIMAT0001820,UCCCUGAGACCCUUAACCUGUG
MIMAT0001821,UCCCUGAGACCCUAACUUGUGA
MIMAT0001822,UCCCUGAGACCCUAACUCGUGA
MIMAT0001823,UCGUACCGUGAGUAAUAAUGC
MIMAT0001824,UCACAGUGAACCGGUCUCUUUU
MIMAT0001825,CUUUUUGCGGUCUGGGCUUGCU
MIMAT0001827,CAGUGCAAUAAUGAAAGGGCAU
MIMAT0001830,UUUGGUCCCCUUCAACCAGCUG
MIMAT0001831,UUUGGUCCCCUUCAACCAGCUA
MIMAT0001832,UUUGGUCCCUUUCAACCAGCUA
MIMAT0001835,AGCUGGUGUUGUGAAUCAGGCCG
MIMAT0001837,UAACACUGUCUGGUAACGAUGC
MIMAT0001840,UGAGAUGAAGCACUGUAGCUC
MIMAT0001841,UACAGUAUAGAUGAUGUACU
MIMAT0001846,UCUCCCAAUCCUUGUACCAGUG
MIMAT0001848,UUGCAUAGUCACAAAAAUGAGC
MIMAT0001849,UUGCAUAGUCACAAAAGUGAUC
MIMAT0001850,UUGCAUAGUCACAAAAAUGAUC
MIMAT0001852,CACAUUCAUUGCUGUCGGUGGG
MIMAT0001853,UGGACGGAGAACUGAUAAGGGC
MIMAT0001857,AACUGGCCCGCAAAGUCCCGCU
MIMAT0001859,UGUAACAGCCGCUCCAUGUGGA
MIMAT0001862,UAAUACUGCCUGGUAAUGAUGA
MIMAT0001863,UAAUACUGCCUGGUAAUGAUGC
MIMAT0001865,GUGAAAUGUUCAGGACCACUUG
MIMAT0001866,UGGAAUGUAAGGAAGUGUGUGG
MIMAT0001867,UAAUCUCUGCAGGCAACUGUGA
MIMAT0001868,UUGUGCUUGAUCUAACCAUGUG
MIMAT0001869,UUGUGCUUGAUCUAACCAUGCA
MIMAT0001876,UUUGUUCGUUCGGCUCGCGUUA
MIMAT0001877,UAGUGCAAUAUUGCUAAUAGGG
MIMAT0001878,UAGUGCAAUAUUGCUUAUAGGG
MIMAT0001882,CAGGCUGGUUAGAUGGUUGUCA
MIMAT0001883,AAGCAGCACAUCAAUAUUGGCA
MIMAT0001884,AAGCAGCACAUAAAUACUGGAG
MIMAT0001887,CCUGCAUUGUACACACUGUGCG
MIMAT0001948,UGAAGCUGCCAACAUGAUCUG
MIMAT0002016,UCCAAAGGGAUCGCAUUGAUC
MIMAT0002055,CGCCAAAGGAGAGUUGCCCUC
MIMAT0002060,UUUUCCCUACUCCACCCAUCCC
MIMAT0002061,UUUUCCCAACUCCACCCAUCCC
MIMAT0002104,UACCUAAUUUGUUGUCCAUCAU
MIMAT0002106,UAUUUAGAAUGGCACUGAUGUGA
MIMAT0002107,UAUACAUACACGCACACAUAAGA
MIMAT0002111,UUCUUGGACUGGCACUGGUGAGU
MIMAT0002112,UACGUAGUAUAGUGCUUUUCAC
MIMAT0002170,ACUUCACCUGGUCCACUAGCCGU
MIMAT0002173,UCACUCCUCUCCUCCCGUCUU
MIMAT0002174,UCAGGCUCAGUCCCCUCCCGAU
MIMAT0002175,AGAGGCUGGCCGUGAUGAAUUC
MIMAT0002177,UCCUGUACUGAGCUGCCCCGAG
MIMAT0002178,AAUCAUACAGGGACAUCCAGUU
MIMAT0002806,CAACCUGGAGGACUCCAUGCUG
MIMAT0002807,AGUGGGGAACCCUUCCAUGAGG
MIMAT0002809,UGAGAACUGAAUUCCAUAGGCUG
MIMAT0002810,UUCCUAUGCAUAUACUUCUUUG
MIMAT0002811,AGAGGUAUAGGGCAUGGGAA
MIMAT0002812,AGGACCUGCGGGACAAGAUUCUU
MIMAT0002813,UUGUACAUGGUAGGCUUUCAUU
MIMAT0002814,UCUUGGAGUAGGUCAUUGGGUGG
MIMAT0002816,UGAAACAUACACGGGAAACCUC
MIMAT0002817,AAACAAACAUGGUGCACUUCUU
MIMAT0002819,AACUGGCCCUCAAAGUCCCGCU
MIMAT0002820,CAGCAGCACACUGUGGUUUGU
MIMAT0002821,AACAUUCAUUGUUGUCGGUGGGU
MIMAT0002822,CACUCAGCCUUGAGGGCACUUUC
MIMAT0002823,AAGUGCUGUCAUAGCUGAGGUC
MIMAT0002824,UUUCAAGCCAGGGGGCGUUUUUC
MIMAT0002825,AAAGUGCUUCCUUUUUGAGGG
MIMAT0002826,UUCUCCAAAAGAAAGCACUUUCUG
MIMAT0002827,GAGUGCCUUCUUUUGGAGCGUU
MIMAT0002830,AAGUGCUUCCUUUUAGAGGGUU
MIMAT0002831,CUCUAGAGGGAAGCGCUUUCUG
MIMAT0002832,AAAGUGCAUCUUUUUAGAGGAU
MIMAT0002834,AAAGUGCUUCCCUUUGGACUGU
MIMAT0002835,CUCUUGAGGGAAGCACUUUCUGU
MIMAT0002838,CUCCAGAGGGAUGCACUUUCU
MIMAT0002839,GAAGGCGCUUCCCUUUAGAGCG
MIMAT0002840,GAACGCGCUUCCCUAUAGAGGGU
MIMAT0002842,GAAAGCGCUUCUCUUUAGAGG
MIMAT0002843,AAAGUGCUUCCUUUUAGAGGG
MIMAT0002844,CAAAGCGCUCCCCUUUAGAGGU
MIMAT0002845,CUCUAGAGGGAAGCACUUUCUG
MIMAT0002846,AAAGUGCUUCCUUUUAGAGGGU
MIMAT0002847,UCUCUGGAGGGAAGCACUUUCUG
MIMAT0002848,CAAAGCGCUUCUCUUUAGAGUGU
MIMAT0002849,CUACAAAGGGAAGCACUUUCUC
MIMAT0002850,GAAGGCGCUUCCCUUUGGAGU
MIMAT0002852,AUCGUGCAUCCCUUUAGAGUGU
MIMAT0002853,CAAAGUGCCUCCCUUUAGAGUG
MIMAT0002854,AACGCACUUCCCUUUAGAGUGU
MIMAT0002856,AAAGUGCUUCUCUUUGGUGGGU
MIMAT0002857,AUCGUGCAUCCCUUUAGAGUGU
MIMAT0002859,AUCUGGAGGUAAGAAGCACUUU
MIMAT0002861,AAAGCGCUUCCCUUCAGAGUG
MIMAT0002863,GAAAGCGCUUCCCUUUGCUGGA
MIMAT0002864,CAAAGCGCUUCCCUUUGGAGC
MIMAT0002867,ACAAAGUGCUUCCCUUUAGAGU
MIMAT0002868,AAAAUGGUUCCCUUUAGAGUGU
MIMAT0002869,AAAGUGCAUCCUUUUAGAGUGU
MIMAT0002870,UUAAGACUUGCAGUGAUGUUU
MIMAT0002872,AAUCCUUUGUCCCUGGGUGAGA
MIMAT0002873,AUCCUUGCUAUCUGGGUGCUA
MIMAT0002874,UAGCAGCGGGAACAGUUCUGCAG
MIMAT0002875,AGACCCUGGUCUGCACUCUAUC
MIMAT0002876,CGUCAACACUUGCUGGUUUCCU
MIMAT0002877,UUCACAGGGAGGUGUCAU
MIMAT0002878,UAAGGCACCCUUCUGAGUAGA
MIMAT0002879,UUUUGCACCUUUUGGAGUGAA
MIMAT0002880,UGAUUGUAGCCUUUUGGAGUAGA
MIMAT0002881,UGAUUGGUACGUCUGUGGGUAG
MIMAT0002882,UACUCAGGAGAGUGGCAAUCAC
MIMAT0002883,AUUGACACUUCUGUGAGUAGA
MIMAT0002884,UGGAAGGGGCAUGCAGAGGAG
MIMAT0002888,CAUGCCUUGAGUGUAGGACCGU
MIMAT0002889,CAUGCCUUGAGUGUAGGACCGU
MIMAT0002890,UGGUUUACCGUCCCACAUACAU
MIMAT0002891,ACUGCCCUAAGUGCUCCUUCUGG
MIMAT0002940,AGUGACAUCAUAUGUACGGCUGC
MIMAT0003049,UAACAGUCUACAGUCAUGGCU
MIMAT0003112,AAUGACACCACAUAUAUGGCAGC
MIMAT0003118,AUGACCUAUGAUUUGACAGACA
MIMAT0003119,CAAGUCACUAGUGGUUCCGUUU
MIMAT0003121,CACUCCUCCCCUCCCGUCUUGU
MIMAT0003122,GCCUGCUGGGGUGGAACCUGGU
MIMAT0003123,UGAAUCACACAAAGGCAACUUUU
MIMAT0003125,UGGAAUGUAAAGAAGUGUGUAU
MIMAT0003127,UCAGGCUCAGUCCCCUCCCGAU
MIMAT0003130,UCCUGUACUGAGCUGCCCCGAG
MIMAT0003151,ACUGGACUUGGAGUCAGAAGG
MIMAT0003152,AGUUCUUCAGUGGCAAGCUUUA
MIMAT0003155,UACAGUAGUCUGCACAUUGGUU
MIMAT0003159,UACCACAGGGUAGAACCACGGAC
MIMAT0003161,UGAAGGUCUACUGUGUGCCAGG
MIMAT0003163,GGAGAAAUUAUCCUUGGUGUGU
MIMAT0003164,AUUCUGCAUUUUUAGCAAGUUC
MIMAT0003165,UCAGCAAACAUUUAUUGUGUGC
MIMAT0003167,AGGUCAGAGGUCGAUCCUGG
MIMAT0003169,GGAGAAAUUAUCCUUGGUGUGU
MIMAT0003171,CUCGGGGAUCAUCAUGUCACGA
MIMAT0003172,UGUGACAGAUUGAUAACUGAAA
MIMAT0003176,GGAGAAAUUAUCCUUGGUGUGU
MIMAT0003177,AAGGGAUUCUGAUGUUGGUCACACU
MIMAT0003179,UGUGACAGAUUGAUAACUGAAA
MIMAT0003180,AAUCGUACAGGGUCAUCCACUU
MIMAT0003181,AAUUGCACUUUAGCAAUGGUGA
MIMAT0003182,UGAAACAUACACGGGAAACCUC
MIMAT0003184,AAUCGUACAGGGUCAUCCACUU
MIMAT0003185,AGAUCGACCGUGUUAUAUUCGC
MIMAT0003186,AAUAAUACAUGGUUGAUCUUU
MIMAT0003188,UAGCAGCGGGAACAGUACUGCAG
MIMAT0003189,GAUCAAAGUGGAGGCCCUCUCC
MIMAT0003190,AAAGUGCAUCCAUUUUGUUUGU
MIMAT0003191,UGAAGGUCUACUGUGUGCCAG
MIMAT0003193,UGAAACAUACACGGGAAACCUCU
MIMAT0003195,GUGGAUAUUCCUUCUAUGGUUA
MIMAT0003199,UAUACAAGGGCAAGCUCU
MIMAT0003201,GAAGUUGUUCGUGGUGGAUUCG
MIMAT0003202,AAUCAUUCACGGACAACACUU
MIMAT0003204,AGGUUACCCGAGCAACUUUGCAU
MIMAT0003208,AUAUAAUACAACCUGCUAAGUG
MIMAT0003209,CGGGUGGAUCACGAUGCAAUUU
MIMAT0003210,AAUUGCACGGUAUCCAUCUGU
MIMAT0003211,CAAAGUGCUCAUAGUGCAGGUAG
MIMAT0003213,UAGCAGCGGGAACAGUACUGCAG
MIMAT0003214,GCGACCCACUCUUGGUUUCCA
MIMAT0003215,AACAGGUGACUGGUUAGACAA
MIMAT0003216,AAAACGGUGAGAUUUUGUUUU
MIMAT0003218,UAUUGCACUCGUCCCGGCCUCC
MIMAT0003219,AGGGUAAGCUGAACCUCUGAU
MIMAT0003220,GAUGAGCUCAUUGUAAUAUGAG
MIMAT0003221,GUUUGCACGGGUGGGCCUUGUCU
MIMAT0003222,UGAGCUGCUGUACCAAAAU
MIMAT0003223,UAAAGUAAAUAUGCACCAAAA
MIMAT0003225,CAAAGUUUAAGAUCCUUGAAGU
MIMAT0003228,AGGCACGGUGUCAGCAGGC
MIMAT0003232,AUGUAUAAAUGUAUACACAC
MIMAT0003233,GCGACCCAUACUUGGUUUCAG
MIMAT0003235,CGAAAACAGCAAUUACCUUUGC
MIMAT0003237,GUCCGCUCGGCGGUGGCCCA
MIMAT0003238,CUGAAGUGAUGUGUAACUGAUCAG
MIMAT0003239,CACGCUCAUGCACACACCCACA
MIMAT0003240,GAGCCAGUUGGACAGGAGC
MIMAT0003241,AUUCUAAUUUCUCCACGUCUUU
MIMAT0003244,UUCAUUUGGUAUAAACCGCGAUU
MIMAT0003246,UCUUGUGUUCUCUAGAUCAGU
MIMAT0003247,UUACAGUUGUUCAACCAGUUACU
MIMAT0003248,CAAAGAGGAAGGUCCCAUUAC
MIMAT0003249,UUAUGGUUUGCCUGGGACUGAG
MIMAT0003252,UAUGCAUUGUAUUUUUAGGUCC
MIMAT0003254,CAAGAACCUCAGUUGCUUUUGU
MIMAT0003256,UCAGAACAAAUGCCGGUUCCCAGA
MIMAT0003257,UGUCUUACUCCCUCAGGCACAU
MIMAT0003258,GAGCUUAUUCAUAAAAGUGCAG
MIMAT0003260,UUGUGUCAAUAUGCGAUGAUGU
MIMAT0003263,GAAGUGUGCCGUGGUGUGUCU
MIMAT0003264,AAGCCUGCCCGGCUCCUCGGG
MIMAT0003265,UGUGUCACUCGAUGACCACUGU
MIMAT0003269,UGGUCUAGGAUUGUUGGAGGAG
MIMAT0003271,CACACACUGCAAUUACUUUUGC
MIMAT0003273,UAAAUCCCAUGGUGCCUUCUCCU
MIMAT0003275,GUUCAAAUCCAGAUCUAUAAC
MIMAT0003276,AGGGGUGGUGUUGGGACAGCUCCGU
MIMAT0003279,GCGAGGACCCCUCGGGGUCUGAC
MIMAT0003280,GCUGGGCAGGGCUUCUGAGCUCCUU
MIMAT0003281,AGGAAUGUUCCUUCUUUGCC
MIMAT0003282,GAACGCCUGUUCUUGCCAGGUGG
MIMAT0003283,UCCGAGCCUGGGUCUCCCUCUU
MIMAT0003284,ACUCAAAACCCUUCAGUGACUU
MIMAT0003285,CAAAAAUCUCAAUUACUUUUGC
MIMAT0003286,AGACUUCCCAUUUGAAGGUGGC
MIMAT0003289,AUGGAGAUAGAUAUAGAAAU
MIMAT0003290,GGCUAGCAACAGCGCUUACCU
MIMAT0003291,ACAGUCUGCUGAGGUUGGAGC
MIMAT0003292,AUCCCUUGCAGGGGCUGUUGGGU
MIMAT0003294,AGGGGGAAAGUUCUAUAGUCC
MIMAT0003296,GUGAGUCUCUAAGAAAAGAGGA
MIMAT0003298,GUUCUCCCAACGUAAGCCCAGC
MIMAT0003299,AGUAUUCUGUACCAGGGAAGGU
MIMAT0003300,AGACCUGGCCCAGACCUCAGC
MIMAT0003301,GUGCAUUGCUGUUGCAUUGC
MIMAT0003302,GUGUCUGCUUCCUGUGGGA
MIMAT0003303,CUAAUAGUAUCUACCACAAUAAA
MIMAT0003304,AACCAGCACCCCAACUUUGGAC
MIMAT0003306,UGUGCUUGCUCGUCCCGCCCGCA
MIMAT0003308,AGGGAUCGCGGGCGGGUGGCGGCCU
MIMAT0003311,AAAGACAUAGGAUAGAGUCACCUC
MIMAT0003312,GUCCCUCUCCAAAUGUGUCUUG
MIMAT0003314,AGUGUGGCUUUCUUAGAGC
MIMAT0003315,UCUAGGCUGGUACUGCUGA
MIMAT0003317,GUGGCUGCACUCACUUCCUUC
MIMAT0003320,AGGAGGCAGCGCUCUCAGGAC
MIMAT0003321,UUUAGGAUAAGCUUGACUUUUG
MIMAT0003322,AAUGGCGCCACUAGGGUUGUG
MIMAT0003324,UGCCUGGGUCUCUGGCCUGCGCGU
MIMAT0003325,UCCCACGUUGUGGCCCAGCAG
MIMAT0003326,AGGCGGGGCGCCGCGGGACCGC
MIMAT0003327,AGGCAGUGUAUUGUUAGCUGGC
MIMAT0003328,GUGUUGAAACAAUCUCUACUG
MIMAT0003329,UAGUAGACCGUAUAGCGUACG
MIMAT0003330,UGGUGGGCCGCAGAACAUGUGC
MIMAT0003331,AUAAUACAUGGUUAACCUCUUU
MIMAT0003333,UGACAACUAUGGAUGAGCUCU
MIMAT0003335,GGCAGGUUCUCACCCUCUCUAGG
MIMAT0003336,GGCGGAGGGAAGUAGGUCCGUUGGU
MIMAT0003337,CUUGGUUCAGGGAGGGUCCCCA
MIMAT0003338,UACCCAUUGCAUAUCGGAGUUG
MIMAT0003339,AUCAACAGACAUUAAUUGGGCGC
MIMAT0003340,UCGGGGAUCAUCAUGUCACGAGA
MIMAT0003347,UGGCAAGAUGUUGGCAUAGCUG
MIMAT0003374,UAAGUGCUUCCAUGUUUUAGUAG
MIMAT0003375,GCUUUAACAUGGGGUUACCUGC
MIMAT0003376,AAGUGCUUCCAUGUUUCAGUGG
MIMAT0003377,UAAGUGCUUCCAUGUUUGAGUGU
MIMAT0003378,CUCCUGACUCCAGGUCCUGUGU
MIMAT0003379,ACUGGACUUGGAGUCAGAAGG
MIMAT0003380,GUCAACACUUGCUGGUUUCC
MIMAT0003381,UUAAGACUUGCAGUGAUGUUU
MIMAT0003382,UAUUCAUUUACUCCCCAGCCUA
MIMAT0003385,CGGGUGGAUCACGAUGCAAUUU
MIMAT0003388,GUGGAUAUUCCUUCUAUGGUUA
MIMAT0003389,UGUGACAGAUUGAUAACUGAAA
MIMAT0003393,AAUGACACGAUCACUCCCGUUGA
MIMAT0003396,ACUGCAGUGGAGGCACUUCUAG
MIMAT0003401,CUUAACCCACUUGUGAACAAUG
MIMAT0003407,AGUGGUUCUCAACAGUUCAACA
MIMAT0003409,UAAGUGCCUGCAUGUAUAUGCG
MIMAT0003451,UUCAGUGAUGAUUAGCUUCUGA
MIMAT0003452,GUCUCGGUGCAAGGACUGGAGG
MIMAT0003453,CAGCAGCACACUGUGGUUUGUA
MIMAT0003455,GGACUGUGAGGUGACUCUUGGU
MIMAT0003457,GGGCAUCUGCUGACAUGGGGG
MIMAT0003458,CAGCCUCGCUGGCAGGCAGCU
MIMAT0003459,CUGCAGUCACAGUGAAGUCUG
MIMAT0003461,CCUGCUGUAAGCUGUGUCCUC
MIMAT0003464,AUUGCUUCCCAGACGGUGAAGA
MIMAT0003465,AUCUCGGCUACAGAAAAAUGUU
MIMAT0003466,CUAUCCUGGAAUGCAGCAAUGA
MIMAT0003467,UCGCAGGCGACUACUUAUUC
MIMAT0003469,AAAGGCUAGGCUCACAACCAAA
MIMAT0003470,AUUCCUGAAGAGAGGCAGAAAA
MIMAT0003471,AUCUCUUUGAGCGCCUCACUC
MIMAT0003472,CAGCCACAUCCGAAAGUUUUC
MIMAT0003473,GCUGGUAAAAUGGAACCAAAU
MIMAT0003474,CUGAAAAUGUUGCCUGAAG
MIMAT0003475,UGAGAACUGAAUUCCAUAGGCU
MIMAT0003477,AGUUGUGUGUGCAUGUUCAUGUCU
MIMAT0003478,AUAUACAUACACACACCAACAC
MIMAT0003479,AUAGUUGUGUGUGGAUGUGUGU
MIMAT0003480,AUGUAUGUGUGCAUGAACAUGU
MIMAT0003482,UUAAGACUUGCAGUGAUGUUU
MIMAT0003485,UAUGUGCCUUUGGACUACAUCG
MIMAT0003486,AGUGGGGAACCCUUCCAUGAGG
MIMAT0003487,AACAUCCUGGUCCUGUGGAGA
MIMAT0003490,CACGCGGGAACCGAGUCCACC
MIMAT0003491,UUAGCCGCUGAAAUAGAUGGA
MIMAT0003493,AAAACCUUCAGAAGGAAAGAA
MIMAT0003495,GGUGGGAGGUGGGGUGGGCA
MIMAT0003496,AGAGAAACCCUGUCUCAAAAAA
MIMAT0003497,CAGUCAUGCCGCUUGCCUACG
MIMAT0003499,GGAGGCAGAGGCAGGAGGA
MIMAT0003500,CCAAGUCUUGGGGAGAGUUGAG
MIMAT0003507,AAUGCACCUGGGCAAGGGUUCA
MIMAT0003511,UUUUGCAGUAUGUUCCUGAAUA
MIMAT0003512,AUUGGGAACAUUUUGCAUGCAU
MIMAT0003513,CGUCAACACUUGCUGGUUUUCU
MIMAT0003515,CAGUGCAAUUAAAAGGGGGAA
MIMAT0003725,UGGUGCGGAAAGGGCCCACAGU
MIMAT0003726,CUGUAUGCCCUAACCGCUCAGU
MIMAT0003727,AUAUAAUACAACCUGCUAAGUG
MIMAT0003728,GGUUGUAUUAUCAUUGUCCGAG
MIMAT0003729,AAAUCUCUGCAGGCAAAUGUGA
MIMAT0003731,AGGAAGCCCUGGAGGGGCUGGAG
MIMAT0003734,UGACACCUGCCACCCAGCCCAAG
MIMAT0003735,UGAGGUUGGUGUACUGUGUGUGA
MIMAT0003737,AGCGGGCACAGCUGUGAGAGCC
MIMAT0003738,UGAGUAUUACAUGGCCAAUCUC
MIMAT0003740,GCACUGAGAUGGGAGUGGUGUA
MIMAT0003741,CACAGCUCCCAUCUCAGAACAA
MIMAT0003752,UUAAAGGGAAUUUGCGACUGUU
MIMAT0003753,UUCAGUCAUUGUUUCUAGUAGU
MIMAT0003756,GUUGAGGCGAGUUGAAGACUUA
MIMAT0003759,AGGCAGUGCAGUUAGUUGAUUAC
MIMAT0003762,CUCAAAGCAGAGAACUCUCGGU
MIMAT0003763,UGCGUUGGUUUAGCUCAGUGGUU
MIMAT0003764,AAGCAGCGCGUCAUGGUUUUC
MIMAT0003765,GUAAAUGCUGCAGAAUCGUACCG
MIMAT0003766,CUCUCCCACCGCUAAACUUGAC
MIMAT0003767,GUAAGACGAACAAAAAGUUUU
MIMAT0003769,GCUACGGCCCGCGUCGGGACCUC
MIMAT0003780,CAACCUGGAGGACUCCAUGCUG
MIMAT0003782,CCGUCCUGAGGUUGUUGAGCU
MIMAT0003879,UUUGUGACCUGGUCCACUAACC
MIMAT0003880,AGGAAGCCCUGGAGGGGCUGGAG
MIMAT0003881,UGUCACUCGGCUCGGCCCACUAC
MIMAT0003883,UCUGCUCAUACCCCAUGGUUUCU
MIMAT0003884,ACCCUAUCAAUAUUGUCUCUGC
MIMAT0003885,UAGUGCAAUAUUGCUUAUAGGGU
MIMAT0003886,UGAGACCUCUGGGUUCUGAGCU
MIMAT0003888,ACUCCAGCCCCACAGCCUCAGC
MIMAT0003889,UUUGUGACCUGGUCCACUA
MIMAT0003890,GCGACCCAUACUUGGUUUCAG
MIMAT0003891,CGUGGGCCUGACGUGGAGCUGG
MIMAT0003892,GGGGCUGGGGCCGGGACAGAGC
MIMAT0003893,GCAGCAGGGUGAAACUGACACA
MIMAT0003894,GGUGCUCACAUGUCCUCCU
MIMAT0003895,AGGAGGCCAUAGUGGCAACUGU
MIMAT0003896,CCAGCUGGGAAGAACCAGUGGC
MIMAT0003898,CGGCUCUGGGUCUGUGGGGA
MIMAT0003945,UGGAGGAGAAGGAAGGUGAUG
MIMAT0003948,UCCAGUACCACGUGUCAGGGCCA
MIMAT0004187,UGCGGGGCUAGGGCUAACAGCA
MIMAT0004188,UCAGUAACAAAGAUUCAUCCUU
MIMAT0004189,GCAGCUUUCAGAUGUGGCUGUAA
MIMAT0004210,UGUGAGUUGUUCCUCACCUGGA
MIMAT0004216,AAACUGAAGAGAUUUUUUACAG
MIMAT0004220,UAAGUGAAUUGUUUUGUGUAGA
MIMAT0004224,UCCCUGCCUGGGUCACCAAUUGU
MIMAT0004229,UGAGGUAAUCAUCGUUGUCACU
MIMAT0004233,UAAGCCUUACAUAUUGACUGA
MIMAT0004234,UGAACCCUGAUAAAGCUAGUGG
MIMAT0004235,GCCAAACUCGGAAAUUGUCUGC
MIMAT0004236,UGAGAGAUGCCAUUCUAUGUAGA
MIMAT0004237,GAAAGCCACCAUGCUGGGUAAA
MIMAT0004238,GAAAGACACCAAGCUGAGUAGA
MIMAT0004280,GAUGAGGAUAGGGAGGAGGAG
MIMAT0004284,UGGUGCGGAGAGGGCCCACAGUG
MIMAT0004324,AACAUUCAUUGUUGUCGGUGGGU
MIMAT0004365,CGUUUCACGUCGGGUUCACC
MIMAT0004445,UGACAGAAGAGAGUGAGCACA
MIMAT0004481,CUAUACAAUCUACUGUCUUUC
MIMAT0004482,CUAUACAACCUACUGCCUUCCC
MIMAT0004484,CUAUACGACCUGCUGCCUUUCU
MIMAT0004488,CAGGCCAUAUUGUGCUGCCUCA
MIMAT0004489,CCAGUAUUAACUGUGCUGCUGA
MIMAT0004494,CAACACCAGUCGAUGGGCUGU
MIMAT0004495,AGUUCUUCAGUGGCAAGCUUUA
MIMAT0004496,GGGGUUCCUGGGGAUGGGAUUU
MIMAT0004498,AGGCGGAGACUUGGGCAAUUG
MIMAT0004500,CCUGUUCUCCAUUACUUGGCU
MIMAT0004501,AGGGCUUAGCUGCUUGUGAGCA
MIMAT0004503,ACUGAUUUCUUUUGGUGUUCAG
MIMAT0004504,UGCUAUGCCAACAUAUUGCCAU
MIMAT0004505,CAAUUUAGUGUGUGUGAUAUUU
MIMAT0004507,AGGUUGGGAUCGGUUGCAAUGCU
MIMAT0004508,GGGUGGGGAUUUGUUGCAUUAC
MIMAT0004513,CAGUUAUCACAGUGCUGAUGCU
MIMAT0004514,GCUGGUUUCAUAUGGUGGUUUAGA
MIMAT0004522,AGAGCUUAGCUGAUUGGUGAAC
MIMAT0004523,GCUGGUUUCAUAUGGUGGUUUA
MIMAT0004524,CUGGGAUGUGGAUGUUUACGUC
MIMAT0004528,ACAGGUGAGGUUCUUGGGAGCC
MIMAT0004531,UAUAGGGAUUGGAGCCGUGGCG
MIMAT0004532,AUCAUCGUCUCAAAUGAGUCUU
MIMAT0004533,CAUCUUCCAGUGCAGUGUUGGA
MIMAT0004534,AUUCCUGGAAAUACUGUUCUUG
MIMAT0004536,UCGAGGAGCUCACAGUCUAGU
MIMAT0004538,CAGAUUCGAUUCUAGGGGAAUA
MIMAT0004540,GCCCUAAGGUGAAUUUUUUGGG
MIMAT0004541,CUCCCACAUGCAGGGUUUGCA
MIMAT0004542,GCUGCACUUGGAUUUCGUUCCC
MIMAT0004546,UUCCUAUGCAUAUACUUCUUU
MIMAT0004550,CUGGGAGAAGGCUGUUUACUCU
MIMAT0004552,UGGAGACGCGGCCCUGUUGGAGU
MIMAT0004555,CAAAUUCGUAUCUAGGGGAAUA
MIMAT0004556,ACAGAUUCGAUUCUAGGGGAAU
MIMAT0004557,CAAUCAGCAAGUAUACUGCCCU
MIMAT0004558,ACCACUGACCGUUGACUGUACC
MIMAT0004560,GUGAAUUACCGAAGGGCCAUAA
MIMAT0004561,GGCUACAACACAGGACCCGGGC
MIMAT0004563,ACAGUAGUCUGCACAUUGGUUA
MIMAT0004567,AGAGUUGAGUCUGGACGUCCCG
MIMAT0004569,CUCAGUAGCCAGUGUAGAUCCU
MIMAT0004573,ACUCAAACUGUGUGACAUUUUG
MIMAT0004574,ACUCAAAAUGGAGGCCCUAUCU
MIMAT0004577,UAUGUGGGACGGUAAACCGCUU
MIMAT0004578,UUGAAGAGAGGUUAUCCUUUGU
MIMAT0004579,ACUUAAACGUGGUUGUACUUGC
MIMAT0004584,CUGUACAGGCCACUGCCUUGC
MIMAT0004586,CGAAUCAUUAUUUGCUGCUCUA
MIMAT0004587,UGGGUUCCUGGCAUGCUGAUUU
MIMAT0004588,AGAGCUUAGCUGAUUGGUGAAC
MIMAT0004591,CGUGUUCACAGCGGACCUUGAU
MIMAT0004595,UAUAGGGAUUGGAGCCGUGGCG
MIMAT0004596,GCUAUUUCACGACACCAGGGUU
MIMAT0004597,UACCACAGGGUAGAACCACGG
MIMAT0004599,GGUGCAGUGCUGCAUCUCUGGU
MIMAT0004602,ACAGGUGAGGUUCUUGGGAGCC
MIMAT0004604,CUGAAGCUCAGAGGGCUCUGAU
MIMAT0004605,AAGCCCUUACCCCAAAAAGCAU
MIMAT0004609,AGGGAGGGACGGGGGCUGUGC
MIMAT0004610,CUGGUACAGGCCUGGGGGACAG
MIMAT0004612,GCCCAAAGGUGAAUUUUUUGGG
MIMAT0004613,CUCCCACAUGCAGGGUUUGCA
MIMAT0004614,UGGGUCUUUGCGGGCGAGAUGA
MIMAT0004616,CUGGGAGAGGGUUGUUUACUCC
MIMAT0004620,CUAUACAAUCUACUGUCUUUCC
MIMAT0004621,CUAUACAACCUACUGCCUUCCC
MIMAT0004623,CUAUACAAUCUAUUGCCUUCCC
MIMAT0004626,ACUGCCCUAAGUGCUCCUUCUG
MIMAT0004628,CAACAGCAGUCGAUGGGCUGUC
MIMAT0004630,CCUGUUCUCCAUUACUUGGCUC
MIMAT0004631,ACUGAUUUCUUUUGGUGUUCAG
MIMAT0004635,AGGUGGGGAUUGGUGGCAUUAC
MIMAT0004637,AGGUGGUCCGUGGCGCGUUCGC
MIMAT0004639,UUUAUUGAGCACCUCCUAUCAA
MIMAT0004640,UUUAUUGAGCACCUCCUAUCAA
MIMAT0004643,CUAGGUAUGGUCCCAGGGAUCC
MIMAT0004644,CGGCGUCAUGCAGGAGUUGAUU
MIMAT0004646,AACAAUAUCCUGGUGCUGAGUG
MIMAT0004648,UGAGCGCCUCGACGACAGAGCCA
MIMAT0004650,UUAUAAAGCAAUGAGACUGAUU
MIMAT0004655,CCCUGAACUAGGGGUCUGGAGA
MIMAT0004656,CCUGAACUAGGGGUCUGGAGAC
MIMAT0004660,UAGUUUUGCAUAGUUGCACUAC
MIMAT0004661,CACUAGAUUGUGAGCUGCUGGA
MIMAT0004662,UGGAGACGCGGCCCUGUUGGAG
MIMAT0004663,CGUCUUACCCAGCAGUGUUUGG
MIMAT0004667,ACAGUAGUCUGCACAUUGGUUA
MIMAT0004669,ACGGGUUAGGCUCUUGGGAGCU
MIMAT0004670,CAACAAAUCACAGUCUGCCAUA
MIMAT0004671,CCAGUGGGGCUGCUGUUAUCUG
MIMAT0004672,CCGCACUGUGGGUACUUGCUGC
MIMAT0004674,CUGGGAGAGGGUUGUUUACUCC
MIMAT0004676,CAAUCACUAACUCCACUGCCAU
MIMAT0004677,AAUCACUAACCACACGGCCAGG
MIMAT0004678,CAAGCUCGUGUCUGUGGGUCCG
MIMAT0004679,GAGGGUUGGGUGGAGGCUCUCC
MIMAT0004682,UCCCCCAGGUGUGAUUCUGAUUU
MIMAT0004683,AACACACCUAUUCAAGGAUUCA
MIMAT0004687,ACUCAAACUGUGGGGGCACU
MIMAT0004692,UUAUAAAGCAAUGAGACUGAUU
MIMAT0004693,UCUCUGGGCCUGUGUCUUAGGC
MIMAT0004694,AGGGGUGCUAUCUGUGAUUGA
MIMAT0004695,GAACGGCUUCAUACAGGAGUU
MIMAT0004696,AGGUGGUCCGUGGCGCGUUCGC
MIMAT0004697,UCGAGGAGCUCACAGUCUAGU
MIMAT0004700,CUAGGUAUGGUCCCAGGGAUCC
MIMAT0004702,UGAGCGCCUCGACGACAGAGCCG
MIMAT0004703,UUUUUCAUUAUUGCUCCUGACC
MIMAT0004704,UUUUUCAUUAUUGCUCCUGACC
MIMAT0004708,AUAAAGCUAGAUAACCGAAAGU
MIMAT0004719,CUGGGAGAGGGUUGUUUACUCC
MIMAT0004720,CUUUCAGUCGGAUGUUUACAGC
MIMAT0004721,CUGGGAUGUGGAUGUUUACGUC
MIMAT0004723,AAUCACUAACCACACAGCCAGG
MIMAT0004725,CAAGCUCGUGUCUGUGGGUCCG
MIMAT0004730,ACGGGUUAGGCUCUUGGGAGCU
MIMAT0004733,CAUCAUCGUCUCAAAUGAGUCU
MIMAT0004736,UGGGUCUUUGCGGGCAAGAUGA
MIMAT0004738,ACAGUAGUCUGCACAUUGGUUA
MIMAT0004739,GCUGGGAAGGCAAAGGGACGUU
MIMAT0004743,UUGAAGAGAGGUUAUCCUUUGU
MIMAT0004747,UAGUAGACCGUAUAGCGUACG
MIMAT0004748,UGAGGGGCAGAGAGCGAGACUUU
MIMAT0004751,UGCCCUAAAUGCCCCUUCUGGC
MIMAT0004758,UGAUAGACACCAUAUAAGGUAG
MIMAT0004762,CGGGGCAGCUCAGUACAGGAU
MIMAT0004763,UUGAAAGGCUAUUUCUUGGUC
MIMAT0004764,CCAUGGAUCUCCAGGUGGGU
MIMAT0004765,CUUAUGCAAGAUUCCCUUCUAC
MIMAT0004767,CGGGGUUUUGAGGGCGAGAUGA
MIMAT0004770,UUCUCGAGGAAAGAAGCACUUUC
MIMAT0004773,UAAUCCUUGCUACCUGGGUGAGA
MIMAT0004775,AAUGCACCUGGGCAAGGAUUCA
MIMAT0004777,UAAAUUUCACCUUUCUGAGAAGG
MIMAT0004779,UACUGCAGACAGUGGCAAUCA
MIMAT0004780,CCUCCCACACCCAAGGCUUGCA
MIMAT0004782,AAGACGGGAGAAGAGAAGGGAG
MIMAT0004787,AAGUUGCCCGCGUGUUUUUCG
MIMAT0004791,CUAUGUAACAUGGUCCACUAAC
MIMAT0004795,UGAGUGUGUGUGUGUGAGUGUGU
MIMAT0004796,AAGAUGUGGAAAAAUUGGAAUC
MIMAT0004797,UAACUGGUUGAACAACUGAACC
MIMAT0004798,AAAAGUAAUUGUGGUUUUGGCC
MIMAT0004800,AGUGCCUGAGGGAGUAAGAGCCC
MIMAT0004801,UAAUUUUAUGUAUAAGCUAGU
MIMAT0004802,UGUCUCUGCUGGGGUUUCU
MIMAT0004806,AAAAGUAAUUGCGGUUUUUGCC
MIMAT0004808,GACUAUAGAACUUUCCCCCUCA
MIMAT0004809,AUGCUGACAUAUUUACUAGAGG
MIMAT0004810,UGGGUUUACGUUGGGAGAACU
MIMAT0004812,AAAAGUAAUUGUGGUUUUUGCC
MIMAT0004813,UAUGUAACACGGUCCACUAACC
MIMAT0004814,UAUGUCUGCUGACCAUCACCUU
MIMAT0004825,UGAGGGGCAGAGAGCGAGACUUU
MIMAT0004826,GCCCUAGGGACUCAGUUCUGGU
MIMAT0004828,AAGGAGCUUACAAUCUAGCUGGG
MIMAT0004837,GGGGGUCCCCGGUGCUCGGAUC
MIMAT0004838,UACUCACAUGGUUGCUAAUCA
MIMAT0004839,UGUUCAGACUGGUGUCCAUCA
MIMAT0004840,GAAAGACAUCAUGCUGAAUAGA
MIMAT0004841,UAUUCAGAUUAGUGCCAGUCAUG
MIMAT0004845,CAGAGAGAUAACAGUCACAUCU
MIMAT0004846,AACUGUGUCUUUUCUGAAUAGA
MIMAT0004848,UGCUGAGAGAAGUAGCAGUUAC
MIMAT0004852,UGAUAUGUUUGAUAUUGGGUUG
MIMAT0004853,CUGCCCUGGCCCGAGGGACCGA
MIMAT0004855,UAGUGGUUUACAAAGUAAUUCA
MIMAT0004856,CCAAGUGCUCAGAUGCUUGUGGU
MIMAT0004857,GUGUGCGGAAAUGCUUCUGCUA
MIMAT0004858,UAAGGUGCAUCUAGUGCUGUUAG
MIMAT0004861,GUAGAGGAGAUGGCGCAGGG
MIMAT0004867,ACUUGAGGGGCAUGAGGAU
MIMAT0004870,AGGUUGCCUCAUAGUGAGCUUGCA
MIMAT0004871,UAUUUAGAAUGGUGCUGAUCUG
MIMAT0004876,AUACAUACACGCACACAUAAGA
MIMAT0004877,UGAUGUGUGUGUGCAUGUACAUAU
MIMAT0004879,GAUGUGUGUGUACAUGUACAUA
MIMAT0004882,CAUACACACACACAUACACAC
MIMAT0004883,AUACAGACACAUGCACACACA
MIMAT0004886,UAAGUGCGCGCAUGUAUAUGCG
MIMAT0004888,UGAAGGUCCUACUGUGUGCCAGG
MIMAT0004893,UGAGUGUGUGUGUGUGAGUGUGU
MIMAT0004894,CACGCUCAUGCACACACCCACA
MIMAT0004895,GAGCUUAUUCAUAAAAGUGCAG
MIMAT0004896,UAAUUUUAUGUAUAAGCUAGU
MIMAT0004897,UGGUAAGCUGCAGAACAUGUGU
MIMAT0004901,AGCAGAAGCAGGGAGGUUCUCCCA
MIMAT0004902,UGCAACGAACCUGAGCCACUGA
MIMAT0004903,UAUACAAGGGCAGACUCUCUCU
MIMAT0004907,CACUGUGUCCUUUCUGCGUAG
MIMAT0004909,UUUUGCAAUAUGUUCCUGAAUA
MIMAT0004911,CUGCCCUGGCCCGAGGGACCGA
MIMAT0004916,UACUCAAAAAGCUGUCAGUCA
MIMAT0004918,CACUGGCUCCUUUCUGGGUAGA
MIMAT0004923,CCUGGAAACACUGAGGUUGUG
MIMAT0004926,AAGGAGCUUACAAUCUAGCUGGG
MIMAT0004929,UGAUAUGUUUGAUAUUGGGUUG
MIMAT0004930,UGUGUGUGCGUACAUGUACAUG
MIMAT0004933,GCAUGACACCACACUGGGUAGA
MIMAT0004934,AAGGUUACUUGUUAGUUCAGG
MIMAT0004937,UAUACCUCAGUUUUAUCAGGUG
MIMAT0004938,CCUGAAAAUACUGAGGCUAUG
MIMAT0004939,AUAAGACGAACAAAAGGUUUGU
MIMAT0004942,UACGUCAUCGUCGUCAUCGUUA
MIMAT0004943,GUGUUGAAACAAUCUCUACUG
MIMAT0004946,CUGUUGCCACUAACCUCAACCU
MIMAT0004947,UCCAUUACACUACCCUGCCUCU
MIMAT0004948,AGGCAGCGGGGUGUAGUGGAUA
MIMAT0004949,GUAGAGGAGAUGGCGCAGGG
MIMAT0004950,UCCUCUUCUCCCUCCUCCCAG
MIMAT0004954,AAACAUUCGCGGUGCACUUCUU
MIMAT0004955,AUAUAAUACAACCUGCUAAGUG
MIMAT0004956,CUUAGCAGGUUGUAUUAUCAUU
MIMAT0004957,CGGCUCUGGGUCUGUGGGGA
MIMAT0004959,AAAUCUCUGCAGGCAAAUGUGA
MIMAT0004960,AUAAGACGAACAAAAGGUUUGU
MIMAT0004971,CUAGUGAGGGACAGAACCAGGAUUC
MIMAT0004978,CCAGUUACCGCUUCCGCUACCGC
MIMAT0004979,ACAGUAGAGGGAGGAAUCGCAG
MIMAT0004981,UGCCCUUAAAGGUGAACCCAGU
MIMAT0004982,UGGGGAGCUGAGGCUCUGGGGGUG
MIMAT0004983,AAGGCAGGGCCCCCGCUCCCC
MIMAT0005031,AGAGAGAUCAUUGGACUUACAG
MIMAT0005278,UAUGUGUGUGUGUAUGUCCAUG
MIMAT0005279,UGUGAUGUGUGUAUGUACAUG
MIMAT0005280,GAAAGACACCAUACUGAAUAGA
MIMAT0005285,GUAGAGGAGAUGGCGCAGGG
MIMAT0005291,AUACAGUUGUUCAACCAGUUAC
MIMAT0005293,AUAAGUGUGAGCAUGUAUAUGU
MIMAT0005300,UUUGGCAAUGGUAGAACUCACACCG
MIMAT0005301,CAUCCCUUGCAUGGUGGAGGG
MIMAT0005315,UUUGAACCAUCACUCGACUCCU
MIMAT0005318,UACGUAGUAUAGUGCUUUUCAC
MIMAT0005319,UCAGGCUCAGUCCCCUCCCGAU
MIMAT0005322,CAUGCCUUGAGUGUAGGACUGU
MIMAT0005327,UGAGGUUGGUGUACUGUGUGUGA
MIMAT0005336,CCCCUCAGGCCACCAGAGCCCG
MIMAT0005339,GCAGGAACUUGUGAGUCUCCU
MIMAT0005340,UAUUGCACUCGUCCCGGCCUCC
MIMAT0005439,CUAUACAAUCUACUGUCUUUCC
MIMAT0005442,CUGGGAGAAGGCUGUUUACUCU
MIMAT0005443,ACCACCGACCGUUGACUGUACC
MIMAT0005444,CAUGGUUCUGUCAAGCACCGCG
MIMAT0005456,CUCUAGAGGGAAGCACUUUCUG
MIMAT0005457,CUGCAAAGGGAAGCCCUUUC
MIMAT0005460,GUGAGGACUGGGGAGGUGGAG
MIMAT0005523,AAGAUCAUUGUUAGGACGCCAUC
MIMAT0005572,GUGGGUACGGCCCAGUGGGGGG
MIMAT0005576,GUGAGGGCAUGCAGGCCUGGAUGGGG
MIMAT0005580,CGUGCCACCCUUUUCCCCAG
MIMAT0005582,GUGGGCGGGGGCAGGUGUGUG
MIMAT0005583,UCACACCUGCCUCGCCCCCC
MIMAT0005584,CUCUCACCACUGCCCUCCCACAG
MIMAT0005593,CUUCCUCGUCUGUCUGCCCC
MIMAT0005595,UGAGAACUGAAUUCCAUAGGCUGU
MIMAT0005596,GGCGACCCAUACUUGGUUUCAGU
MIMAT0005625,UCGCUUGGUGCAGGUCGGGAA
MIMAT0005626,UGAAGCUGCCAGCAUGAUCUAA
MIMAT0005627,UGAAGCUGCCAGCAUGAUCUAA
MIMAT0005628,UGAAGCUGCCAGCAUGAUCUA
MIMAT0005633,UGGAGAAGCAGGGCACGUGCA
MIMAT0005635,UUUGGAUUGAAGGGAGCUCUA
MIMAT0005788,UUCACAAGGAGGUGUCAUUUAU
MIMAT0005792,AAAAGCUGGGUUGAGAGGGCAA
MIMAT0005793,AAAAGCUGGGUUGAGAGGGU
MIMAT0005796,CUUGGCACCUAGCAAGCACUCA
MIMAT0005799,UCUACAAAGGAAAGCGCUUUCU
MIMAT0005826,CCGUCGCCGCCACCCGAGCCG
MIMAT0005834,AUACACACACACAUACACACUA
MIMAT0005837,UAUGUGUGUGUGUAUGUGUGUAA
MIMAT0005844,ACGUGUGUGUGCAUGUGCAUGU
MIMAT0005847,UCAGCUGAGGUUCCCCUCUGUC
MIMAT0005850,AAACAAACAAACAGACCAAAUU
MIMAT0005853,UGUCUUGUGUGUGCAUGUUCAU
MIMAT0005860,UCUGAGUCCCGGUCGCGCGG
MIMAT0005871,UGGCAGGGAGGCUGGGAGGGG
MIMAT0005877,UGCAGGACCAAGAUGAGCCCU
MIMAT0005880,UGGAUUUUUGGAUCAGGGA
MIMAT0005881,UGGCCCUGACUGAAGACCAGCAGU
MIMAT0005892,UUUGAGGCUACAGUGAGAUGUG
MIMAT0005898,AAUGGAUUUUUGGAGCAGG
MIMAT0005903,ACUCUAGCUGCCAAAGGCGCU
MIMAT0005906,AGGAUGAGCAAAGAAAGUAGAUU
MIMAT0005907,AGGCAUUGACUUCUCACUAGCU
MIMAT0005911,AUCCCACCUCUGCCACCA
MIMAT0005914,AUGGGUGAAUUUGUAGAAGGAU
MIMAT0005921,CCUGUUGAAGUGUAAUCCCCA
MIMAT0005922,CGGGCGUGGUGGUGGGGG
MIMAT0005929,GUGGGGGAGAGGCUGUC
MIMAT0005932,UAAUUGCUUCCAUGUUU
MIMAT0005933,UACGUAGAUAUAUAUGUAUUUU
MIMAT0005944,AGAAGGAAAUUGAAUUCAUUUA
MIMAT0005949,UAUUCAUUUAUCCCCAGCCUACA
MIMAT0005966,AUCAGGAGAGAUGACACCGAC
MIMAT0005972,UUGUGGCUUUCUUGCAAGUUG
MIMAT0005987,ACAUUAUGGGACGGAGGGAGU
MIMAT0006012,UUCAAUGGCUCGGUCAGGUUAC
MIMAT0006584,UAGCCAAUGUCUUCUCUAUCAUG
MIMAT0006587,UUUUGAUUGUUUUUCGAUGAUGUUCG
MIMAT0006588,UGAGGUCUUAUAGUUAGGUAGA
MIMAT0006700,UAAUUUUAUGUAUAAGCUAGU
MIMAT0006764,AAAAGCUGGGUUGAGAGGA
MIMAT0006767,UGAGGCAGUAGAUUGAAU
MIMAT0006770,AAGCGAUCUUCUAGAUGGUUGUA
MIMAT0006775,CGAGGCUUGCGAAAUAAGUGUGC
MIMAT0006778,UGCUUCCUUUCAGAGGGU
MIMAT0007347,CUCGGCGCGGGGCGCGGGCUCC
MIMAT0007401,UCCUGCGCGUCCCAGAUGCCC
MIMAT0007864,CUUUGGAUGGAGAAAGAGGGGG
MIMAT0007869,AGCGAUGGCCGAAUCUGCUUCC
MIMAT0007870,GGCCGCCCUCUCUGGUCCUUCA
MIMAT0007875,AGGUCAAGGUUCACAGGGGAUC
MIMAT0007881,CGGCGGGGACGGCGAUUGGUC
MIMAT0007884,CCAGUCCUGUGCCUGCCGCCU
MIMAT0007887,UACCCAGAGCAUGCAGUGUGAA
MIMAT0007892,CCCCAGGGCGACGCGGCGGG
MIMAT0009198,AAAAUGGUGCCCUAGUGACUACA
MIMAT0009203,CAGCCACAACUACCCUGCCACU
MIMAT0009391,AGCUACAUUGCCAGCUC
MIMAT0009447,UCAGGCCAGGCACAGUGGCUCA
MIMAT0009448,ACCGUGCAAAGGUAGCAUA
MIMAT0009834,UUGGUCCCCUUCAACCAGCUGU
MIMAT0009977,UGUUUUGAUAACAGUAAUGU
MIMAT0011160,GGUUCUUAGCAUAGGAGGUCU
MIMAT0011161,CCUCCCAUGCCAAGAACUCCC
MIMAT0011162,UGUUCUCUUUGCCAAGGACAG
MIMAT0011432,AGAGAUCAGCGGUUACACUACA
MIMAT0011435,AGGCAGAUCAAUCAAUUUUUAGG
MIMAT0011446,AGAAUCGUAGCGCGUGUUGUUU
MIMAT0011448,CUAUCUACUUAAAAUGUGCCU
MIMAT0011462,UCAAUUGUUUGUGGACUUACAG
MIMAT0012734,GGGACCCAGGGAGAGACGUAAG
MIMAT0012735,CUUCCGCCCCGCCGGGCGUCG
MIMAT0012822,UUCCUAUGCAUAUACUUCU
MIMAT0012823,CAACCUGGAGGACUCCAUGCUG
MIMAT0012825,CAAGUGCUCAGAUGUCUGUGGU
MIMAT0012848,CUCAAAAUGGAGGCCCUAUCU
MIMAT0012852,UGACACCUGCCACCCAGCCCAA
MIMAT0014031,UUAGAUGACCAUCAGCAAACA
MIMAT0014048,UGGAAGGGGCAUGCAGAGGAG
MIMAT0014332,UGAAGCUGCCAGCAUGAUCUA
MIMAT0014817,UGGCUCAUUUAGAAGCAGCCA
MIMAT0014928,UGAUCUAGUCAAAGCCUGACAGU
MIMAT0014988,UAGAGGAAGCUGUGGAGAGA
MIMAT0014990,AUCAGGGCUUGUGGAAUGGGAAG
MIMAT0014998,UAAAGAACUCUUAAAACCCAAU
MIMAT0015000,UGAUGGAUAAAAGACUACAUAUU
MIMAT0015018,CAUGCUAGGAUAGAAAGAAUGG
MIMAT0015022,UUUGUAUGGAUAUGUGUGUGUAU
MIMAT0015025,UGUGUUAGAAUAGGGGCAAUAA
MIMAT0015026,GGGGAAAGCGAGUAGGGACAUUU
MIMAT0015037,UAUAAAAUGAGGGCAGUAAGAC
MIMAT0015041,AUCCCACCACUGCCACCAU
MIMAT0015042,AGGAUUUCAGAAAUACUGGUGU
MIMAT0015051,UAGUGAGUUAGAGAUGCAGAGCC
MIMAT0015057,CUUCCAGACGCUCCGCCCCACGUCG
MIMAT0015076,UCUGGGAGGUUGUAGCAGUGGAA
MIMAT0015079,CGCGCCGGGCCCGGGUU
MIMAT0015097,AAGAGAGCAGUCUAUUGACAGU
MIMAT0015113,ACUUGGUCGGCGAUUUAAUAUUA
MIMAT0015120,ACCUGGCCAGGCAUUCCAACUGU
MIMAT0016852,CUGGGACAGGAGGAGGAGGCAG
MIMAT0016858,UGGAGAGAAAGGCAGUA
MIMAT0016878,CCAGAGGUGGGGACUGAG
MIMAT0016886,GGCCACUGAGUCAGCACCA
MIMAT0016889,GGCUUGCAUGGGGGACUGG
MIMAT0016900,UCAGGGAGUCAGGGGAGGGC
MIMAT0016901,GGGGGAAGAAAAGGUGGGG
MIMAT0016907,GGGUCCCGGGGAGGGGGG
MIMAT0016915,GGGCUCACAUCACCCCAU
MIMAT0017002,GCUGGGAAGGCAAAGGGACGU
MIMAT0017005,AAACGCCAUUAUCACACUAAAU
MIMAT0017016,CUAUACGGCCUCCUAGCUUUCC
MIMAT0017059,GCAAGGACAGCAAAGGGGGGC
MIMAT0017063,CUGGUUUCACAUGGUGGCUUAGAUU
MIMAT0017080,UAUGUAACAUGGUCCACUAACU
MIMAT0017134,AGGUUCUGUGAUACACUCCGACU
MIMAT0017141,UGAAUUACCGAAGGGCCAUAA
MIMAT0017282,UCUUGUUAAAAAGCAGAGUCU
MIMAT0017417,UUGACAGAAGAUAGAGAGCAC
MIMAT0017950,AUUGUCCUUGCUGUUUGGAGAU
MIMAT0017983,UUAGUGAAGGCUAUUUUAAUU
MIMAT0017993,UAGCCUUCAGAUCUUGGUGUUUU
MIMAT0018068,AGCCGCGGGGAUCGCCGAGGG
MIMAT0018071,CAUAGCCCGGUCGCUGGUACAUGA
MIMAT0018078,UUUAAGAAAACACCAUGGAGAU
MIMAT0018080,UGAGUGUUGUCUACGAGGGCA
MIMAT0018083,GAAAAUGAUGAGUAGUGACUGAUG
MIMAT0018085,UGAGCACCACACAGGCCGGGCGC
MIMAT0018087,AGCAGGUGCGGGGCGGCG
MIMAT0018091,AAUGUAGAGAUUGAUCAAAAU
MIMAT0018095,AUGAGACUCAUGUAAAACAUCUU
MIMAT0018104,UGAGGAUAUGGCAGGGAAGGGGA
MIMAT0018110,UGAUGAUACAGGUGGAGGUAG
MIMAT0018121,CCUGCUGGUCAGGAGUGGAUACUG
MIMAT0018179,AGGUGCUCCAGGCUGGCUCACA
MIMAT0018185,UGUGUGGAUCCUGGAGGAGGCA
MIMAT0018188,AAGGAACCAGAAAAUGAGAAGU
MIMAT0018356,CAGCCCGGAUCCCAGCCCACUU
MIMAT0018361,AGGGCAUAGGAGAGGGUUGAUAU
MIMAT0018443,AUAAUACAACCUGCUAAGUGCU
MIMAT0018943,CAAGGAGACGGGAACAUGGAGC
MIMAT0018971,UGGGGAUUUGGAGAAGUGGUGA
MIMAT0018975,GAGCUUGGUCUGUAGCGGUU
MIMAT0018982,AUAGUGGUUGUGAAUUUACCUU
MIMAT0018988,AAGGUUUGGAUAGAUGCAAUA
MIMAT0018997,UGGCAAACGUGGAAGCCGAGA
MIMAT0019001,UUGUGGCUGGUCAUGAGGCUAA
MIMAT0019002,CAAGGGACCAAGCAUUCAUUAU
MIMAT0019003,CAGGAAGGAUUUAGGGACAGGC
MIMAT0019040,UGUGACAAUAGAGAUGAACAUG
MIMAT0019046,ACUAAAGGAUAUAGAAGGUUUU
MIMAT0019055,GCUCAGGGAUGAUAACUGUGCUGAGA
MIMAT0019074,ACUGGACUAGGAGUCAGAAGG
MIMAT0019359,AAAGGUCAUUGUAAGGUUAAUGC
MIMAT0019689,AUAUGCCUGGCUAGCUCCUC
MIMAT0019692,UCUUGAAGUCAGAACCCGCAA
MIMAT0019697,UUGCUAAGUAGGCUGAGAUUGA
MIMAT0019716,AGGGGACUGGUUAAUAGAACUA
MIMAT0019730,CAGGAUCCACAGAGCUAGUCCA
MIMAT0019732,AAAGAUAGACAAUUGGCUAAAU
MIMAT0019733,UUGCCAUGUCUAAGAAGAA
MIMAT0019745,AGGGAAAAAAAAAAGGAUUUGUC
MIMAT0019756,CUGGGCUCGGGACGCGCGGCU
MIMAT0019758,GAGCCAGUGGUGAGACAGUGA
MIMAT0019762,AAGGUAUUGUUCAGACUUAUGA
MIMAT0019765,UCUGAAUUGUAAGAGUUGUUA
MIMAT0019784,AUACUGUGAAUUUCACUGUCACA
MIMAT0019796,UCUGGGGAUGAGGACAGUGUGU
MIMAT0019801,UAGCAAUACAGUACAAAUAUAGU
MIMAT0019814,UUGAACUGUUAAGAACCACUGGA
MIMAT0019827,AAGGGGGAAGGAAACAUGGAGA
MIMAT0019834,UGCUUAAGUUGUACCAAGUAU
MIMAT0019839,CCCUCUCUGGCUCCUCCCCAAA
MIMAT0019848,AUAGUGGGAAGCUGGCAGAUUC
MIMAT0019851,UCAUUUAUCUGUUGGGAAGCUA
MIMAT0019855,UGUAGAGCAGGGAGCAGGAAGCU
MIMAT0019861,AAAGGUGCUCAAAUUAGACAU
MIMAT0019876,UUUAGUGUGAUAAUGGCGUUUGA
MIMAT0019878,UGAGUGGGGCUCCCGGGACGGCG
MIMAT0019904,UGCCCCACCUGCUGACCACCCUC
MIMAT0019905,UAGGACUAGAUGUUGGAAUUA
MIMAT0019916,UGAGUGAUUGAUAGCUAUGUUC
MIMAT0019919,CGCGGGCGCUCCUGGCCGCCGCC
MIMAT0019920,AUUCUCUCUGGAUCCCAUGGAU
MIMAT0019926,UGAUCAGGCAAAAUUGCAGACU
MIMAT0019928,CAGAACAGGAGCAUAGAAAGGC
MIMAT0019929,UCUGGUAUGUAGUAGGUAAUAA
MIMAT0019934,UUCUAGAUGAGAGAUAUAUAUA
MIMAT0019936,AAUUCUGUAAAGGAAGAAGAGG
MIMAT0019938,UAGGAGGGAAUAGUAAAAGCAG
MIMAT0019963,UGGAUAUGAUGACUGAAA
MIMAT0019968,AGAAGUGGCUAAUAAUAUUGA
MIMAT0019971,UAAAGUGGCAGAGUAUAGACAC
MIMAT0019972,GACAGAGUGCCACUUACUGAA
MIMAT0019984,UUGGACGGUAAGGUUAAGCAA
MIMAT0020976,UGGAGAAGCAGGGCACGUGC
MIMAT0023617,UGCCUGGCUCCCUGUAUGCCA
MIMAT0023622,UGGAGAAGCAGGGCACGUGCG
MIMAT0023623,UGGAGAAGCAGGGCACGUGCG
MIMAT0023634,UUGGCAUUCUGUCCACCUCC
MIMAT0023635,UUGGCAUUCUGUCCACCUCC
MIMAT0024890,UGGAGAAGCAGGGCACGUGCA
MIMAT0025412,ACAUACUUCUUUAUAUGCCCAUA
MIMAT0026473,UCAAUAAAUGUCUGUUGAAUU
MIMAT0026474,GAGCUUUUGGCCCGGGUUAUAC
MIMAT0026477,CGGGGCCGUAGCACUGUCUGAGA
MIMAT0026554,UACGGUGAGCCUGUCAUUAUUC
MIMAT0026558,AGGUUGUCUGUGAUGAGUUCG
MIMAT0026605,GGUCGUAUGUGUGACGCCAUUU
MIMAT0026620,GCGGUGAUCCCGAUGGUGUGAGC
MIMAT0026719,AAUGGCUGUCCGUAGUAUGGUC
MIMAT0026720,CUUGGGAGCCCUGUUAGACUC
MIMAT0026739,UGCAAAAGUAAUCACAGUUUUU
MIMAT0031095,GGGGGCCGAUACACUGUACGAGA
